{"2692462":{"time":1699431831000,"buildPluginSetupTime":1.917167333342756,"bulidDtsTime":1469.5989356666494,"bulidEsmTime":1470.7026896666503,"bulidCjsTime":1470.8562159999856,"buildColdBootTime":1720.2760430000296,"distSize":1072,"gzippedDistSize":542,"coldInstallTime":34773.49835500005,"hotInstallTime":520.0837689999607,"dependenciesCount":1049,"installSize":365097919}}
