{"2692462":{"time":1699431831000,"buildPluginSetupTime":3.7404326666728593,"bulidEsmTime":2996.7705846666745,"bulidCjsTime":2995.3062969999933,"bulidDtsTime":4403.099814333313,"buildColdBootTime":9254.656100333339,"distSize":151145,"gzippedDistSize":42005,"coldInstallTime":37061.677379,"hotInstallTime":615.3234609999927,"dependenciesCount":754,"installSize":299575416},"e43bc5f":{"time":1699453580000,"buildPluginSetupTime":2.8305393333042352,"bulidCjsTime":3099.937765333297,"bulidEsmTime":3102.2555373333357,"bulidDtsTime":4505.367405333323,"buildColdBootTime":9546.346844999973,"distSize":151145,"gzippedDistSize":42005,"coldInstallTime":30453.87016599998,"hotInstallTime":664.4190609999932,"dependenciesCount":754,"installSize":299614268},"4a0a163":{"time":1699534492000,"buildPluginSetupTime":1.9773076666654863,"bulidDtsTime":3524.382259000015,"bulidCjsTime":6119.368676000003,"bulidEsmTime":6119.444400333334,"buildColdBootTime":6369.9755646666745,"distSize":151145,"gzippedDistSize":42005,"coldInstallTime":19682.912422999972,"hotInstallTime":453.57858899998246,"dependenciesCount":758,"installSize":300031434},"6875ea5":{"time":1699602625000,"buildPluginSetupTime":2.4057623333355878,"bulidCjsTime":3084.342896333333,"bulidEsmTime":3085.1624393333236,"bulidDtsTime":4477.977609333339,"buildColdBootTime":9515.105258666677,"distSize":151145,"gzippedDistSize":42005,"coldInstallTime":28009.713620999944,"hotInstallTime":700.2758380000014,"dependenciesCount":758,"installSize":300031434},"ce00f6c":{"time":1699661083000,"buildPluginSetupTime":1.9832966666726861,"bulidDtsTime":3474.2495580000104,"bulidEsmTime":6036.004515999996,"bulidCjsTime":6036.051163000006,"buildColdBootTime":6286.667066999992,"distSize":151145,"gzippedDistSize":42005,"coldInstallTime":23742.70477100002,"hotInstallTime":448.32615699997405,"dependenciesCount":759,"installSize":299824588},"7cea384":{"time":1699753015000,"buildPluginSetupTime":1.9488646666480538,"bulidDtsTime":3462.6447096666475,"bulidCjsTime":5989.886884000017,"bulidEsmTime":5989.7078013333185,"buildColdBootTime":6239.547452333325,"distSize":151145,"gzippedDistSize":42005,"coldInstallTime":21780.080362999986,"hotInstallTime":470.58221899997443,"dependenciesCount":759,"installSize":299824600},"405d47d":{"time":1699859958000,"buildPluginSetupTime":2.315913666660587,"bulidEsmTime":2854.787878666655,"bulidCjsTime":2854.0179850000227,"bulidDtsTime":4082.242350333312,"buildColdBootTime":8700.185164999973,"distSize":151145,"gzippedDistSize":42005,"coldInstallTime":28902.451132000017,"hotInstallTime":596.7772699999623,"dependenciesCount":759,"installSize":299824600},"dc80bbc":{"time":1700035125000,"buildPluginSetupTime":1.8559016784032185,"bulidDtsTime":2933.893751978874,"bulidEsmTime":5292.868508656819,"bulidCjsTime":5292.7872666915255,"buildColdBootTime":5534.147652626038,"distSize":151159,"gzippedDistSize":42011,"coldInstallTime":19502.194646954536,"hotInstallTime":435.6094499826431,"dependenciesCount":759,"installSize":299813143}}
