{"2692462":{"time":1699431831000,"buildPluginSetupTime":3.7404326666728593,"bulidEsmTime":2996.7705846666745,"bulidCjsTime":2995.3062969999933,"bulidDtsTime":4403.099814333313,"buildColdBootTime":9254.656100333339,"distSize":151145,"gzippedDistSize":42005,"coldInstallTime":37061.677379,"hotInstallTime":615.3234609999927,"dependenciesCount":754,"installSize":299575416},"e43bc5f":{"time":1699453580000,"buildPluginSetupTime":2.8305393333042352,"bulidCjsTime":3099.937765333297,"bulidEsmTime":3102.2555373333357,"bulidDtsTime":4505.367405333323,"buildColdBootTime":9546.346844999973,"distSize":151145,"gzippedDistSize":42005,"coldInstallTime":30453.87016599998,"hotInstallTime":664.4190609999932,"dependenciesCount":754,"installSize":299614268},"4a0a163":{"time":1699534492000,"buildPluginSetupTime":2.398179000010714,"bulidCjsTime":3000.2510923333466,"bulidEsmTime":3001.292347333336,"bulidDtsTime":4301.749511666654,"buildColdBootTime":9242.669946999968,"distSize":151145,"gzippedDistSize":42005,"coldInstallTime":33443.174169000005,"hotInstallTime":629.1183990000281,"dependenciesCount":758,"installSize":300031194}}
