{"2692462":{"time":1699431831000,"buildPluginSetupTime":2.725761333325257,"bulidCjsTime":1041.9737976666559,"bulidEsmTime":1086.170044333344,"bulidDtsTime":5264.903470666662,"buildColdBootTime":6792.967817000007,"distSize":284328,"gzippedDistSize":50183,"coldInstallTime":31275.118266000005,"hotInstallTime":744.5461679999717,"dependenciesCount":754,"installSize":299575416},"e43bc5f":{"time":1699453580000,"buildPluginSetupTime":1.9897359999789235,"bulidDtsTime":3572.1804906666707,"bulidCjsTime":3889.136881000013,"bulidEsmTime":3883.389844333326,"buildColdBootTime":4164.9828723333385,"distSize":284328,"gzippedDistSize":50183,"coldInstallTime":25567.705804000027,"hotInstallTime":470.8227370000095,"dependenciesCount":754,"installSize":299618364},"4a0a163":{"time":1699534492000,"buildPluginSetupTime":2.3612536666720794,"bulidCjsTime":904.7306016666504,"bulidEsmTime":933.9660286666671,"bulidDtsTime":4431.412846666683,"buildColdBootTime":5733.407952333335,"distSize":284328,"gzippedDistSize":50183,"coldInstallTime":34071.18830400001,"hotInstallTime":725.165112000017,"dependenciesCount":758,"installSize":300031434},"6875ea5":{"time":1699602625000,"buildPluginSetupTime":1.9825479999902502,"bulidDtsTime":3508.3876606666695,"bulidEsmTime":3858.3844596666654,"bulidCjsTime":3840.6203493333305,"buildColdBootTime":4117.413114000005,"distSize":284328,"gzippedDistSize":50183,"coldInstallTime":19772.18984800001,"hotInstallTime":470.04798999999184,"dependenciesCount":758,"installSize":300031434},"ce00f6c":{"time":1699661083000,"buildPluginSetupTime":2.0051013332946845,"bulidDtsTime":3590.6475293333256,"bulidEsmTime":3889.0330886666584,"bulidCjsTime":3878.2518806665903,"buildColdBootTime":4169.3538473333465,"distSize":284328,"gzippedDistSize":50183,"coldInstallTime":26103.294443000108,"hotInstallTime":471.51045599998906,"dependenciesCount":759,"installSize":299824588},"7cea384":{"time":1699753015000,"buildPluginSetupTime":1.9315013333204358,"bulidDtsTime":3449.547160333323,"bulidCjsTime":3760.1255310000074,"bulidEsmTime":3751.0937686666534,"buildColdBootTime":4019.460712999988,"distSize":284328,"gzippedDistSize":50183,"coldInstallTime":22769.6446,"hotInstallTime":455.35803100001067,"dependenciesCount":759,"installSize":299824588},"405d47d":{"time":1699859958000,"buildPluginSetupTime":1.8968730000002931,"bulidDtsTime":3440.587791999996,"bulidCjsTime":3734.7527033333317,"bulidEsmTime":3747.240955999994,"buildColdBootTime":4018.3755470000033,"distSize":284328,"gzippedDistSize":50183,"coldInstallTime":20021.398754000023,"hotInstallTime":445.493306999997,"dependenciesCount":759,"installSize":299824600},"dc80bbc":{"time":1700035125000,"buildPluginSetupTime":1.8582786719004314,"bulidDtsTime":2895.361649274826,"bulidEsmTime":3285.949122349421,"bulidCjsTime":3264.867519656817,"buildColdBootTime":3539.5831126769385,"distSize":284364,"gzippedDistSize":50187,"coldInstallTime":37417.84361803532,"hotInstallTime":412.1154099702835,"dependenciesCount":759,"installSize":299817239},"3164aad":{"time":1700212887000,"buildPluginSetupTime":1.8633319983879726,"bulidDtsTime":2852.573669336736,"bulidEsmTime":3370.6052076642713,"bulidCjsTime":3371.7577626655498,"buildColdBootTime":3869.264291996757,"distSize":284364,"gzippedDistSize":50187,"coldInstallTime":23428.208566002548,"hotInstallTime":409.38681399822235,"dependenciesCount":759,"installSize":299813745}}
