{"2692462":{"time":1699431831000,"buildPluginSetupTime":2.725761333325257,"bulidCjsTime":1041.9737976666559,"bulidEsmTime":1086.170044333344,"bulidDtsTime":5264.903470666662,"buildColdBootTime":6792.967817000007,"distSize":284328,"gzippedDistSize":50183,"coldInstallTime":31275.118266000005,"hotInstallTime":744.5461679999717,"dependenciesCount":754,"installSize":299575416},"e43bc5f":{"time":1699453580000,"buildPluginSetupTime":1.9897359999789235,"bulidDtsTime":3572.1804906666707,"bulidCjsTime":3889.136881000013,"bulidEsmTime":3883.389844333326,"buildColdBootTime":4164.9828723333385,"distSize":284328,"gzippedDistSize":50183,"coldInstallTime":25567.705804000027,"hotInstallTime":470.8227370000095,"dependenciesCount":754,"installSize":299618364}}
