{"2692462":{"time":1699431831000,"buildPluginSetupTime":1.920985999997356,"bulidDtsTime":3446.2445106666614,"bulidEsmTime":3649.3892426666666,"bulidCjsTime":3649.440328333323,"buildColdBootTime":3925.474671000013,"distSize":247618,"gzippedDistSize":49404,"coldInstallTime":25871.375987000007,"hotInstallTime":455.61905199999455,"dependenciesCount":754,"installSize":299575416},"0d36351":{"time":1699442062000,"buildPluginSetupTime":1.8685370000021067,"bulidDtsTime":3416.999888666653,"bulidCjsTime":3600.987457333317,"bulidEsmTime":3600.936281666664,"buildColdBootTime":3869.05132566666,"distSize":247618,"gzippedDistSize":49404,"coldInstallTime":19887.243544999976,"hotInstallTime":433.44651799998246,"dependenciesCount":754,"installSize":299575416},"e43bc5f":{"time":1699453580000,"buildPluginSetupTime":2.2812360000098124,"bulidCjsTime":790.1618129999939,"bulidEsmTime":793.5417600000025,"bulidDtsTime":4380.928233333339,"buildColdBootTime":5746.508942666677,"distSize":247618,"gzippedDistSize":49404,"coldInstallTime":28152.09867700003,"hotInstallTime":588.3067210000008,"dependenciesCount":754,"installSize":299614268},"4a0a163":{"time":1699534492000,"buildPluginSetupTime":2.2665456666533523,"bulidCjsTime":782.7536186666694,"bulidEsmTime":786.2474983333377,"bulidDtsTime":4368.699472333344,"buildColdBootTime":5675.2430166666745,"distSize":247618,"gzippedDistSize":49404,"coldInstallTime":27317.90549199999,"hotInstallTime":611.8269810000202,"dependenciesCount":758,"installSize":300031194},"6875ea5":{"time":1699602625000,"buildPluginSetupTime":3.2826943333493546,"bulidCjsTime":1039.4718586666665,"bulidEsmTime":1062.0770453333582,"bulidDtsTime":5566.854951999984,"buildColdBootTime":7438.88935933332,"distSize":247618,"gzippedDistSize":49404,"coldInstallTime":37258.616362,"hotInstallTime":820.516008000006,"dependenciesCount":758,"installSize":300031434},"ce00f6c":{"time":1699661083000,"buildPluginSetupTime":3.244310999997348,"bulidEsmTime":964.1114383333285,"bulidCjsTime":975.0190730000031,"bulidDtsTime":4972.383929666675,"buildColdBootTime":6675.160289333328,"distSize":247618,"gzippedDistSize":49404,"coldInstallTime":40872.86967799999,"hotInstallTime":761.0517249999975,"dependenciesCount":759,"installSize":299824588}}
