{"2692462":{"time":1699431831000,"buildPluginSetupTime":1.920985999997356,"bulidDtsTime":3446.2445106666614,"bulidEsmTime":3649.3892426666666,"bulidCjsTime":3649.440328333323,"buildColdBootTime":3925.474671000013,"distSize":247618,"gzippedDistSize":49404,"coldInstallTime":25871.375987000007,"hotInstallTime":455.61905199999455,"dependenciesCount":754,"installSize":299575416},"0d36351":{"time":1699442062000,"buildPluginSetupTime":1.8685370000021067,"bulidDtsTime":3416.999888666653,"bulidCjsTime":3600.987457333317,"bulidEsmTime":3600.936281666664,"buildColdBootTime":3869.05132566666,"distSize":247618,"gzippedDistSize":49404,"coldInstallTime":19887.243544999976,"hotInstallTime":433.44651799998246,"dependenciesCount":754,"installSize":299575416}}
