{"2692462":{"time":1699431831000,"buildPluginSetupTime":3.7404326666728593,"bulidEsmTime":2996.7705846666745,"bulidCjsTime":2995.3062969999933,"bulidDtsTime":4403.099814333313,"buildColdBootTime":9254.656100333339,"distSize":151145,"gzippedDistSize":42005,"coldInstallTime":37061.677379,"hotInstallTime":615.3234609999927,"dependenciesCount":754,"installSize":299575416},"9016367":{"time":1700653856000,"buildPluginSetupTime":1.8569846550623577,"bulidDtsTime":3105.726523677508,"bulidEsmTime":5522.041471660137,"bulidCjsTime":5522.1629049777985,"buildColdBootTime":5850.631192346414,"distSize":151159,"gzippedDistSize":42011,"coldInstallTime":28356.25784999132,"hotInstallTime":411.90369403362274,"dependenciesCount":762,"installSize":299820986},"e43bc5f":{"time":1699453580000,"buildPluginSetupTime":2.8305393333042352,"bulidCjsTime":3099.937765333297,"bulidEsmTime":3102.2555373333357,"bulidDtsTime":4505.367405333323,"buildColdBootTime":9546.346844999973,"distSize":151145,"gzippedDistSize":42005,"coldInstallTime":30453.87016599998,"hotInstallTime":664.4190609999932,"dependenciesCount":754,"installSize":299614268},"4a0a163":{"time":1699534492000,"buildPluginSetupTime":1.9773076666654863,"bulidDtsTime":3524.382259000015,"bulidCjsTime":6119.368676000003,"bulidEsmTime":6119.444400333334,"buildColdBootTime":6369.9755646666745,"distSize":151145,"gzippedDistSize":42005,"coldInstallTime":19682.912422999972,"hotInstallTime":453.57858899998246,"dependenciesCount":758,"installSize":300031434},"6875ea5":{"time":1699602625000,"buildPluginSetupTime":2.4057623333355878,"bulidCjsTime":3084.342896333333,"bulidEsmTime":3085.1624393333236,"bulidDtsTime":4477.977609333339,"buildColdBootTime":9515.105258666677,"distSize":151145,"gzippedDistSize":42005,"coldInstallTime":28009.713620999944,"hotInstallTime":700.2758380000014,"dependenciesCount":758,"installSize":300031434},"ce00f6c":{"time":1699661083000,"buildPluginSetupTime":1.9832966666726861,"bulidDtsTime":3474.2495580000104,"bulidEsmTime":6036.004515999996,"bulidCjsTime":6036.051163000006,"buildColdBootTime":6286.667066999992,"distSize":151145,"gzippedDistSize":42005,"coldInstallTime":23742.70477100002,"hotInstallTime":448.32615699997405,"dependenciesCount":759,"installSize":299824588},"7cea384":{"time":1699753015000,"buildPluginSetupTime":1.9488646666480538,"bulidDtsTime":3462.6447096666475,"bulidCjsTime":5989.886884000017,"bulidEsmTime":5989.7078013333185,"buildColdBootTime":6239.547452333325,"distSize":151145,"gzippedDistSize":42005,"coldInstallTime":21780.080362999986,"hotInstallTime":470.58221899997443,"dependenciesCount":759,"installSize":299824600},"405d47d":{"time":1699859958000,"buildPluginSetupTime":2.315913666660587,"bulidEsmTime":2854.787878666655,"bulidCjsTime":2854.0179850000227,"bulidDtsTime":4082.242350333312,"buildColdBootTime":8700.185164999973,"distSize":151145,"gzippedDistSize":42005,"coldInstallTime":28902.451132000017,"hotInstallTime":596.7772699999623,"dependenciesCount":759,"installSize":299824600},"dc80bbc":{"time":1700035125000,"buildPluginSetupTime":1.8559016784032185,"bulidDtsTime":2933.893751978874,"bulidEsmTime":5292.868508656819,"bulidCjsTime":5292.7872666915255,"buildColdBootTime":5534.147652626038,"distSize":151159,"gzippedDistSize":42011,"coldInstallTime":19502.194646954536,"hotInstallTime":435.6094499826431,"dependenciesCount":759,"installSize":299813143},"3164aad":{"time":1700212887000,"buildPluginSetupTime":1.8242209951082866,"bulidDtsTime":3916.622518002987,"bulidCjsTime":5079.763251662254,"bulidEsmTime":5079.890768319368,"buildColdBootTime":5317.658715655406,"distSize":151159,"gzippedDistSize":42011,"coldInstallTime":52064.39155200124,"hotInstallTime":428.2284519970417,"dependenciesCount":759,"installSize":299821233},"838205b":{"time":1700401884000,"buildPluginSetupTime":1.8258673350016277,"bulidDtsTime":2880.5202546715736,"bulidEsmTime":5222.448887000482,"bulidCjsTime":5222.4190093278885,"buildColdBootTime":5461.8357636630535,"distSize":151159,"gzippedDistSize":42011,"coldInstallTime":40961.700421988964,"hotInstallTime":406.42341700196266,"dependenciesCount":758,"installSize":299804684},"88d5c57":{"time":1700480676000,"buildPluginSetupTime":1.8494713306427002,"bulidDtsTime":4353.370546301206,"bulidCjsTime":5745.773165305455,"bulidEsmTime":5745.615480979283,"buildColdBootTime":9173.858174363771,"distSize":151159,"gzippedDistSize":42011,"coldInstallTime":32156.798846960068,"hotInstallTime":413.7346650362015,"dependenciesCount":762,"installSize":299814116},"84b6b73":{"time":1700559099000,"buildPluginSetupTime":1.8375446597735088,"bulidDtsTime":2960.141268670559,"bulidCjsTime":5323.500233670075,"bulidEsmTime":5323.600467006366,"buildColdBootTime":5665.498729666074,"distSize":151159,"gzippedDistSize":42011,"coldInstallTime":20070.81523501873,"hotInstallTime":415.86903297901154,"dependenciesCount":762,"installSize":299814236},"ce201bb":{"time":1700745968000,"buildPluginSetupTime":1.8306739727656047,"bulidDtsTime":2874.8402190208435,"bulidCjsTime":5298.591681043307,"bulidEsmTime":5298.743901650111,"buildColdBootTime":5540.345804373424,"distSize":151159,"gzippedDistSize":42011,"coldInstallTime":28101.111518979073,"hotInstallTime":407.7582960128784,"dependenciesCount":761,"installSize":306778201},"e8d838c":{"time":1700823421000,"buildPluginSetupTime":1.8475683132807414,"bulidDtsTime":2911.346442937851,"bulidEsmTime":5246.797350645065,"bulidCjsTime":5246.862583001454,"buildColdBootTime":5487.261923631032,"distSize":151159,"gzippedDistSize":42011,"coldInstallTime":28244.29274904728,"hotInstallTime":432.72241401672363,"dependenciesCount":761,"installSize":306778418},"8ca5480":{"time":1701089842000,"buildPluginSetupTime":1.8734592994054158,"bulidDtsTime":3021.9114270210266,"bulidEsmTime":5440.966250975926,"bulidCjsTime":5441.000728964806,"buildColdBootTime":5684.108765006065,"distSize":151159,"gzippedDistSize":42011,"coldInstallTime":29132.79614198208,"hotInstallTime":425.2123750448227,"dependenciesCount":761,"installSize":306782808},"f4eadb5":{"time":1701157702000,"buildPluginSetupTime":1.8339970509211223,"bulidDtsTime":3267.2877459923425,"bulidEsmTime":5736.635235349338,"bulidCjsTime":5736.772439320882,"buildColdBootTime":5981.050695339839,"distSize":151159,"gzippedDistSize":42011,"coldInstallTime":31817.677733063698,"hotInstallTime":424.21037197113037,"dependenciesCount":764,"installSize":306908719},"ef60f58":{"time":1701262042000,"buildPluginSetupTime":1.8037333488464355,"bulidDtsTime":2938.5554600556693,"bulidCjsTime":5448.629896004994,"bulidEsmTime":5448.706621646881,"buildColdBootTime":5726.974964380264,"distSize":151159,"gzippedDistSize":42011,"coldInstallTime":31374.08926486969,"hotInstallTime":418.771684885025,"dependenciesCount":760,"installSize":306906713},"d433c97":{"time":1701333410000,"buildPluginSetupTime":1.8424684206644695,"bulidDtsTime":2929.1638890107474,"bulidEsmTime":5193.8527092933655,"bulidCjsTime":5193.9362114270525,"buildColdBootTime":5321.765482981999,"distSize":151159,"gzippedDistSize":42011,"coldInstallTime":31648.64863204956,"hotInstallTime":398.2078330516815,"dependenciesCount":760,"installSize":305815377}}
