{"2692462":{"time":1699431831000,"buildPluginSetupTime":1.8855600000048678,"bulidDtsTime":3463.645197666677,"bulidCjsTime":4471.369416000001,"bulidEsmTime":4472.549555333336,"buildColdBootTime":4850.152547000001,"distSize":1455516,"gzippedDistSize":240252,"coldInstallTime":23500.778087999992,"hotInstallTime":450.04492200000095,"dependenciesCount":754,"installSize":299575416},"e43bc5f":{"time":1699453580000,"buildPluginSetupTime":2.6813323333238563,"bulidEsmTime":1954.618673333316,"bulidCjsTime":1951.3957389999996,"bulidDtsTime":5222.540154000007,"buildColdBootTime":8570.846226666667,"distSize":1455516,"gzippedDistSize":240252,"coldInstallTime":33478.41231399996,"hotInstallTime":773.1308800000697,"dependenciesCount":754,"installSize":299614268}}
