{"2692462":{"time":1699431831000,"buildPluginSetupTime":1.920985999997356,"bulidDtsTime":3446.2445106666614,"bulidEsmTime":3649.3892426666666,"bulidCjsTime":3649.440328333323,"buildColdBootTime":3925.474671000013,"distSize":247618,"gzippedDistSize":49404,"coldInstallTime":25871.375987000007,"hotInstallTime":455.61905199999455,"dependenciesCount":754,"installSize":299575416},"9016367":{"time":1700653856000,"buildPluginSetupTime":1.8350706696510315,"bulidDtsTime":2883.3085793455443,"bulidEsmTime":3315.0446420113244,"bulidCjsTime":3315.12201432387,"buildColdBootTime":3624.35748231411,"distSize":247655,"gzippedDistSize":49414,"coldInstallTime":32607.33564698696,"hotInstallTime":402.067606985569,"dependenciesCount":762,"installSize":299825082},"0d36351":{"time":1699442062000,"buildPluginSetupTime":1.8685370000021067,"bulidDtsTime":3416.999888666653,"bulidCjsTime":3600.987457333317,"bulidEsmTime":3600.936281666664,"buildColdBootTime":3869.05132566666,"distSize":247618,"gzippedDistSize":49404,"coldInstallTime":19887.243544999976,"hotInstallTime":433.44651799998246,"dependenciesCount":754,"installSize":299575416},"e43bc5f":{"time":1699453580000,"buildPluginSetupTime":2.2812360000098124,"bulidCjsTime":790.1618129999939,"bulidEsmTime":793.5417600000025,"bulidDtsTime":4380.928233333339,"buildColdBootTime":5746.508942666677,"distSize":247618,"gzippedDistSize":49404,"coldInstallTime":28152.09867700003,"hotInstallTime":588.3067210000008,"dependenciesCount":754,"installSize":299614268},"4a0a163":{"time":1699534492000,"buildPluginSetupTime":2.2665456666533523,"bulidCjsTime":782.7536186666694,"bulidEsmTime":786.2474983333377,"bulidDtsTime":4368.699472333344,"buildColdBootTime":5675.2430166666745,"distSize":247618,"gzippedDistSize":49404,"coldInstallTime":27317.90549199999,"hotInstallTime":611.8269810000202,"dependenciesCount":758,"installSize":300031194},"6875ea5":{"time":1699602625000,"buildPluginSetupTime":3.2826943333493546,"bulidCjsTime":1039.4718586666665,"bulidEsmTime":1062.0770453333582,"bulidDtsTime":5566.854951999984,"buildColdBootTime":7438.88935933332,"distSize":247618,"gzippedDistSize":49404,"coldInstallTime":37258.616362,"hotInstallTime":820.516008000006,"dependenciesCount":758,"installSize":300031434},"ce00f6c":{"time":1699661083000,"buildPluginSetupTime":2.279294000007212,"bulidEsmTime":781.0281706666574,"bulidCjsTime":775.839265333314,"bulidDtsTime":4302.132611000018,"buildColdBootTime":5601.936165333318,"distSize":247618,"gzippedDistSize":49404,"coldInstallTime":36279.429466,"hotInstallTime":560.2186249999795,"dependenciesCount":759,"installSize":299824588},"7cea384":{"time":1699753015000,"buildPluginSetupTime":2.015419666732972,"bulidDtsTime":3491.724844333405,"bulidCjsTime":3691.022822333267,"bulidEsmTime":3691.0501866665822,"buildColdBootTime":3966.3350466666743,"distSize":247618,"gzippedDistSize":49404,"coldInstallTime":27421.476436000085,"hotInstallTime":460.9584890000988,"dependenciesCount":759,"installSize":299828696},"dc80bbc":{"time":1700035125000,"buildPluginSetupTime":1.9029560486475627,"bulidDtsTime":2899.0903609991074,"bulidEsmTime":3208.3868800004325,"bulidCjsTime":3208.3502316872277,"buildColdBootTime":3473.0649666786194,"distSize":247655,"gzippedDistSize":49414,"coldInstallTime":35253.92050600052,"hotInstallTime":415.16320395469666,"dependenciesCount":759,"installSize":299813143},"3164aad":{"time":1700212887000,"buildPluginSetupTime":1.8567150036493938,"bulidDtsTime":2884.51219334205,"bulidCjsTime":3220.158446341753,"bulidEsmTime":3220.2205279966197,"buildColdBootTime":3486.446996341149,"distSize":247655,"gzippedDistSize":49414,"coldInstallTime":46280.168271005154,"hotInstallTime":412.0467520058155,"dependenciesCount":759,"installSize":299817137},"838205b":{"time":1700401884000,"buildPluginSetupTime":1.892771989107132,"bulidDtsTime":2934.905103007952,"bulidEsmTime":3268.0586169858775,"bulidCjsTime":3268.1623496711254,"buildColdBootTime":3537.4094190100827,"distSize":247655,"gzippedDistSize":49414,"coldInstallTime":31710.709465026855,"hotInstallTime":406.94897198677063,"dependenciesCount":758,"installSize":299812876},"88d5c57":{"time":1700480676000,"buildPluginSetupTime":1.851325015227,"bulidDtsTime":2902.581061979135,"bulidEsmTime":3238.286743978659,"bulidCjsTime":3238.3795433243117,"buildColdBootTime":3500.58272566398,"distSize":247655,"gzippedDistSize":49414,"coldInstallTime":32165.64997804165,"hotInstallTime":409.003054022789,"dependenciesCount":762,"installSize":299814116},"84b6b73":{"time":1700559099000,"buildPluginSetupTime":1.8810056646664937,"bulidDtsTime":3221.913806994756,"bulidCjsTime":3438.4792406757674,"bulidEsmTime":3438.5260486801467,"buildColdBootTime":3708.1359099944434,"distSize":247655,"gzippedDistSize":49414,"coldInstallTime":28232.73665601015,"hotInstallTime":417.36277997493744,"dependenciesCount":762,"installSize":299810140},"ce201bb":{"time":1700745968000,"buildPluginSetupTime":1.8577886819839478,"bulidDtsTime":2869.313599983851,"bulidEsmTime":3232.2112276554108,"bulidCjsTime":3232.16830599308,"buildColdBootTime":3502.220145980517,"distSize":247655,"gzippedDistSize":49414,"coldInstallTime":33342.75697898865,"hotInstallTime":430.5311850309372,"dependenciesCount":761,"installSize":306778201},"e8d838c":{"time":1700823421000,"buildPluginSetupTime":1.8390086889266968,"bulidDtsTime":2792.686767975489,"bulidEsmTime":3148.3039132754006,"bulidCjsTime":3148.4022719860077,"buildColdBootTime":3412.3735753297806,"distSize":247655,"gzippedDistSize":49414,"coldInstallTime":27396.100458025932,"hotInstallTime":408.74262607097626,"dependenciesCount":761,"installSize":306778418},"8ca5480":{"time":1701089842000,"buildPluginSetupTime":1.7968343496322632,"bulidDtsTime":3461.0508876641593,"bulidCjsTime":3776.025806705157,"bulidEsmTime":3776.0521470705667,"buildColdBootTime":4241.562459349632,"distSize":247655,"gzippedDistSize":49414,"coldInstallTime":28605.825348973274,"hotInstallTime":407.28370702266693,"dependenciesCount":761,"installSize":306782808},"f4eadb5":{"time":1701157702000,"buildPluginSetupTime":1.82013734181722,"bulidDtsTime":2851.4078586498895,"bulidCjsTime":3233.2817310492196,"bulidEsmTime":3233.3982443412146,"buildColdBootTime":3497.3856266736984,"distSize":247655,"gzippedDistSize":49414,"coldInstallTime":50035.04999899864,"hotInstallTime":412.0441269874573,"dependenciesCount":764,"installSize":306908719},"ef60f58":{"time":1701262042000,"buildPluginSetupTime":1.8307277361551921,"bulidDtsTime":2766.1866689523063,"bulidEsmTime":3133.9459546407065,"bulidCjsTime":3134.1250134309134,"buildColdBootTime":3397.7140526771545,"distSize":247655,"gzippedDistSize":49414,"coldInstallTime":50103.17427587509,"hotInstallTime":424.41366600990295,"dependenciesCount":760,"installSize":306906713},"d433c97":{"time":1701333410000,"buildPluginSetupTime":1.8379613558451335,"bulidDtsTime":2833.946047385534,"bulidEsmTime":3174.7878679434457,"bulidCjsTime":3175.02100110054,"buildColdBootTime":3438.7260920206704,"distSize":247655,"gzippedDistSize":49414,"coldInstallTime":44332.39106297493,"hotInstallTime":407.34097385406494,"dependenciesCount":760,"installSize":305807185},"91059e4":{"time":1701681519000,"buildPluginSetupTime":1.8501075903574626,"bulidDtsTime":2944.613623301188,"bulidEsmTime":3313.247918287913,"bulidCjsTime":3313.169919729233,"buildColdBootTime":3576.1067866484323,"distSize":247655,"gzippedDistSize":49414,"coldInstallTime":44689.1439640522,"hotInstallTime":426.9306218624115,"dependenciesCount":760,"installSize":305818955},"dfe5ba3":{"time":1701774794000,"buildPluginSetupTime":1.8502777417500813,"bulidDtsTime":2942.935537338257,"bulidCjsTime":3270.0633939901986,"bulidEsmTime":3269.688457250595,"buildColdBootTime":3533.2852913538613,"distSize":247655,"gzippedDistSize":49414,"coldInstallTime":35566.962550878525,"hotInstallTime":426.7934880256653,"dependenciesCount":760,"installSize":305827402},"c2fa7c4":{"time":1701861843000,"buildPluginSetupTime":1.8816327253977458,"bulidDtsTime":2974.4926759401956,"bulidEsmTime":3288.609021345774,