{"2692462":{"time":1699431831000,"buildPluginSetupTime":2.725761333325257,"bulidCjsTime":1041.9737976666559,"bulidEsmTime":1086.170044333344,"bulidDtsTime":5264.903470666662,"buildColdBootTime":6792.967817000007,"distSize":284328,"gzippedDistSize":50183,"coldInstallTime":31275.118266000005,"hotInstallTime":744.5461679999717,"dependenciesCount":754,"installSize":299575416},"9016367":{"time":1700653856000,"buildPluginSetupTime":1.8248043258984883,"bulidDtsTime":2879.6206353505454,"bulidCjsTime":3277.1865950226784,"bulidEsmTime":3277.2606176535287,"buildColdBootTime":3545.8904680013657,"distSize":284364,"gzippedDistSize":50187,"coldInstallTime":25688.423049032688,"hotInstallTime":415.73872196674347,"dependenciesCount":762,"installSize":299825082},"e43bc5f":{"time":1699453580000,"buildPluginSetupTime":1.9897359999789235,"bulidDtsTime":3572.1804906666707,"bulidCjsTime":3889.136881000013,"bulidEsmTime":3883.389844333326,"buildColdBootTime":4164.9828723333385,"distSize":284328,"gzippedDistSize":50183,"coldInstallTime":25567.705804000027,"hotInstallTime":470.8227370000095,"dependenciesCount":754,"installSize":299618364},"4a0a163":{"time":1699534492000,"buildPluginSetupTime":2.3612536666720794,"bulidCjsTime":904.7306016666504,"bulidEsmTime":933.9660286666671,"bulidDtsTime":4431.412846666683,"buildColdBootTime":5733.407952333335,"distSize":284328,"gzippedDistSize":50183,"coldInstallTime":34071.18830400001,"hotInstallTime":725.165112000017,"dependenciesCount":758,"installSize":300031434},"6875ea5":{"time":1699602625000,"buildPluginSetupTime":1.9825479999902502,"bulidDtsTime":3508.3876606666695,"bulidEsmTime":3858.3844596666654,"bulidCjsTime":3840.6203493333305,"buildColdBootTime":4117.413114000005,"distSize":284328,"gzippedDistSize":50183,"coldInstallTime":19772.18984800001,"hotInstallTime":470.04798999999184,"dependenciesCount":758,"installSize":300031434},"ce00f6c":{"time":1699661083000,"buildPluginSetupTime":2.0051013332946845,"bulidDtsTime":3590.6475293333256,"bulidEsmTime":3889.0330886666584,"bulidCjsTime":3878.2518806665903,"buildColdBootTime":4169.3538473333465,"distSize":284328,"gzippedDistSize":50183,"coldInstallTime":26103.294443000108,"hotInstallTime":471.51045599998906,"dependenciesCount":759,"installSize":299824588},"7cea384":{"time":1699753015000,"buildPluginSetupTime":1.9315013333204358,"bulidDtsTime":3449.547160333323,"bulidCjsTime":3760.1255310000074,"bulidEsmTime":3751.0937686666534,"buildColdBootTime":4019.460712999988,"distSize":284328,"gzippedDistSize":50183,"coldInstallTime":22769.6446,"hotInstallTime":455.35803100001067,"dependenciesCount":759,"installSize":299824588},"405d47d":{"time":1699859958000,"buildPluginSetupTime":1.8968730000002931,"bulidDtsTime":3440.587791999996,"bulidCjsTime":3734.7527033333317,"bulidEsmTime":3747.240955999994,"buildColdBootTime":4018.3755470000033,"distSize":284328,"gzippedDistSize":50183,"coldInstallTime":20021.398754000023,"hotInstallTime":445.493306999997,"dependenciesCount":759,"installSize":299824600},"dc80bbc":{"time":1700035125000,"buildPluginSetupTime":1.8582786719004314,"bulidDtsTime":2895.361649274826,"bulidEsmTime":3285.949122349421,"bulidCjsTime":3264.867519656817,"buildColdBootTime":3539.5831126769385,"distSize":284364,"gzippedDistSize":50187,"coldInstallTime":37417.84361803532,"hotInstallTime":412.1154099702835,"dependenciesCount":759,"installSize":299817239},"3164aad":{"time":1700212887000,"buildPluginSetupTime":1.8433943291505177,"bulidDtsTime":2938.4071040054164,"bulidEsmTime":3325.230478346348,"bulidCjsTime":3314.5253863334656,"buildColdBootTime":3587.77132666111,"distSize":284364,"gzippedDistSize":50187,"coldInstallTime":32416.75459098816,"hotInstallTime":408.7802810072899,"dependenciesCount":759,"installSize":299817137},"838205b":{"time":1700401884000,"buildPluginSetupTime":1.8319040139516194,"bulidDtsTime":2908.0705996652446,"bulidCjsTime":3326.4534360071025,"bulidEsmTime":3326.504720658064,"buildColdBootTime":3596.494600991408,"distSize":284364,"gzippedDistSize":50187,"coldInstallTime":23834.866661012173,"hotInstallTime":457.1553930044174,"dependenciesCount":758,"installSize":299812876},"88d5c57":{"time":1700480676000,"buildPluginSetupTime":1.8579049905141194,"bulidDtsTime":2949.7868843078613,"bulidEsmTime":3362.600536326567,"bulidCjsTime":3353.703861653805,"buildColdBootTime":3616.8120353619256,"distSize":284364,"gzippedDistSize":50187,"coldInstallTime":22622.791354954243,"hotInstallTime":406.582809984684,"dependenciesCount":762,"installSize":299810020},"84b6b73":{"time":1700559099000,"buildPluginSetupTime":2.1462566455205283,"bulidDtsTime":3194.616340021292,"bulidEsmTime":3502.526028315226,"bulidCjsTime":3492.548445324103,"buildColdBootTime":9150.183720668158,"distSize":284364,"gzippedDistSize":50187,"coldInstallTime":20790.4333820343,"hotInstallTime":408.4070490002632,"dependenciesCount":762,"installSize":299810140},"ce201bb":{"time":1700745968000,"buildPluginSetupTime":1.862259308497111,"bulidDtsTime":2899.503302335739,"bulidCjsTime":3306.0104426940284,"bulidEsmTime":3327.9131009976068,"buildColdBootTime":3578.6733133395514,"distSize":284364,"gzippedDistSize":50187,"coldInstallTime":28405.99715900421,"hotInstallTime":417.5142319202423,"dependenciesCount":761,"installSize":306782297},"e8d838c":{"time":1700823421000,"buildPluginSetupTime":1.8141709963480632,"bulidDtsTime":2926.07082871596,"bulidCjsTime":3315.0633912881217,"bulidEsmTime":3315.1627340316772,"buildColdBootTime":3586.9897523323693,"distSize":284364,"gzippedDistSize":50187,"coldInstallTime":34979.1171759367,"hotInstallTime":426.84464704990387,"dependenciesCount":761,"installSize":306778418},"8ca5480":{"time":1701089842000,"buildPluginSetupTime":1.8009960254033406,"bulidDtsTime":3270.099260648092,"bulidEsmTime":3733.456239024798,"bulidCjsTime":3744.6808563073478,"buildColdBootTime":4289.879644314448,"distSize":284364,"gzippedDistSize":50187,"coldInstallTime":21361.356173992157,"hotInstallTime":405.0938310623169,"dependenciesCount":761,"installSize":306778712},"f4eadb5":{"time":1701157702000,"buildPluginSetupTime":1.8357743819554646,"bulidDtsTime":2962.4650246699653,"bulidCjsTime":3349.514110326767,"bulidEsmTime":3365.142652988434,"buildColdBootTime":3876.5658229986825,"distSize":284364,"gzippedDistSize":50187,"coldInstallTime":34297.546150922775,"hotInstallTime":409.3027399778366,"dependenciesCount":764,"installSize":306908719},"ef60f58":{"time":1701262042000,"buildPluginSetupTime":1.8224999904632568,"bulidDtsTime":2929.422446409861,"bulidCjsTime":3287.7828540802,"bulidEsmTime":3289.988977034887,"buildColdBootTime":3548.4749320348105,"distSize":284364,"gzippedDistSize":50187,"coldInstallTime":28332.873564958572,"hotInstallTime":416.93743205070496,"dependenciesCount":760,"installSize":306902617},"d433c97":{"time":1701333410000,"buildPluginSetupTime":1.8269309997558594,"bulidDtsTime":2790.259233633677,"bulidCjsTime":3226.323793411255,"bulidEsmTime":3237.2894933223724,"buildColdBootTime":3498.238530317942,"distSize":284364,"gzippedDistSize":50187,"coldInstallTime":27438.2483022213,"hotInstallTime":428.89653396606445,"dependenciesCount":760,"installSize":305815377},"91059e4":{"time":1701681519000,"buildPluginSetupTime":1.835823615392049,"bulidDtsTime":2943.888599952062,"bulidEsmTime":3315.9433175722756,"bulidCjsTime":3309.0097659428916,"buildColdBootTime":3577.1623125871024,"distSize":284364,"gzippedDistSize":50187,"coldInstallTime":29325.26508784294,"hotInstallTime":403.814325094223,"dependenciesCount":760,"installSize":305818955},"dfe5ba3":{"time":1701774794000,"buildPluginSetupTime":1.86619766553243,"bulidDtsTime":2971.6629886627197,"bulidEsmTime":3394.9980889956155,"bulidCjsTime":3384.3899649779,"buildColdBootTime":3649.438679377238,"distSize":284364,"gzippedDistSize":50187,"coldInstallTime":26867.79222393036,"hotInstallTime":405.6334640979767,"dependenciesCount":760,"installSize":305823306}}
