{"2692462":{"time":1699431831000,"buildPluginSetupTime":2.035923000003095,"bulidDtsTime":3698.889473666665,"bulidEsmTime":4102.618397333339,"bulidCjsTime":4102.742627666671,"buildColdBootTime":4400.2391789999965,"distSize":247652,"gzippedDistSize":49428,"coldInstallTime":24165.67148800002,"hotInstallTime":460.43102599997655,"dependenciesCount":754,"installSize":299571320}}
