{"2692462":{"time":1699431831000,"buildPluginSetupTime":1.917167333342756,"bulidDtsTime":1469.5989356666494,"bulidEsmTime":1470.7026896666503,"bulidCjsTime":1470.8562159999856,"buildColdBootTime":1720.2760430000296,"distSize":1072,"gzippedDistSize":542,"coldInstallTime":34773.49835500005,"hotInstallTime":520.0837689999607,"dependenciesCount":1049,"installSize":365097919},"9016367":{"time":1700653856000,"buildPluginSetupTime":1.8969993392626445,"bulidDtsTime":1317.46304500103,"bulidEsmTime":1320.7227720022202,"bulidCjsTime":1320.7760206659634,"buildColdBootTime":1595.7270686626434,"distSize":1072,"gzippedDistSize":542,"coldInstallTime":49961.97982597351,"hotInstallTime":474.2036269903183,"dependenciesCount":1050,"installSize":365430698},"0d36351":{"time":1699442062000,"buildPluginSetupTime":1.9472926666591472,"bulidDtsTime":1491.8941023333366,"bulidEsmTime":1492.5068660000106,"bulidCjsTime":1492.6662450000101,"buildColdBootTime":1744.3472416666627,"distSize":1072,"gzippedDistSize":542,"coldInstallTime":32188.257803000044,"hotInstallTime":528.1350790000288,"dependenciesCount":1049,"installSize":365097919},"e43bc5f":{"time":1699453580000,"buildPluginSetupTime":2.9736726666548443,"bulidCjsTime":52.46789033333577,"bulidEsmTime":2155.428756666661,"bulidDtsTime":2520.7577206666756,"buildColdBootTime":2971.754417333335,"distSize":1072,"gzippedDistSize":542,"coldInstallTime":40547.50659999999,"hotInstallTime":908.1467379999813,"dependenciesCount":1049,"installSize":365136771},"4a0a163":{"time":1699534492000,"buildPluginSetupTime":1.9429509999948398,"bulidDtsTime":1480.8836969999927,"bulidEsmTime":1481.4987483333389,"bulidCjsTime":1481.692241666664,"buildColdBootTime":1740.0721673333417,"distSize":1072,"gzippedDistSize":542,"coldInstallTime":33297.151671,"hotInstallTime":516.1141340000031,"dependenciesCount":1046,"installSize":365427905},"6875ea5":{"time":1699602625000,"buildPluginSetupTime":2.444005666669303,"bulidCjsTime":43.630636666649174,"bulidEsmTime":1772.3927860000015,"bulidDtsTime":2149.088106333317,"buildColdBootTime":2532.052181333323,"distSize":1072,"gzippedDistSize":542,"coldInstallTime":41334.98803400004,"hotInstallTime":747.961176999961,"dependenciesCount":1046,"installSize":365427905},"ce00f6c":{"time":1699661083000,"buildPluginSetupTime":2.7945449999921643,"bulidEsmTime":1339.7750163333258,"bulidCjsTime":51.03766000003088,"bulidDtsTime":2403.7428519999376,"buildColdBootTime":2832.8653250000207,"distSize":1072,"gzippedDistSize":542,"coldInstallTime":47579.925782999955,"hotInstallTime":946.4914260000223,"dependenciesCount":1046,"installSize":365428045},"7cea384":{"time":1699753015000,"buildPluginSetupTime":1.9283166666670393,"bulidDtsTime":1471.0899280000012,"bulidEsmTime":1471.6970030000277,"bulidCjsTime":1471.8526233333396,"buildColdBootTime":1725.5053006666712,"distSize":1072,"gzippedDistSize":542,"coldInstallTime":33074.917204,"hotInstallTime":522.2312669999665,"dependenciesCount":1046,"installSize":365432153},"405d47d":{"time":1699859958000,"buildPluginSetupTime":1.9374966666606876,"bulidDtsTime":1492.8411493333308,"bulidEsmTime":1493.4307620000036,"bulidCjsTime":1493.550961999989,"buildColdBootTime":1744.600498666657,"distSize":1072,"gzippedDistSize":542,"coldInstallTime":42095.788295000006,"hotInstallTime":527.5397689999954,"dependenciesCount":1046,"installSize":365428340},"dc80bbc":{"time":1700035125000,"buildPluginSetupTime":1.9018330176671345,"bulidDtsTime":1254.5067029794056,"bulidEsmTime":1256.900249640147,"bulidCjsTime":1257.0331896543503,"buildColdBootTime":1499.9260776837666,"distSize":1072,"gzippedDistSize":542,"coldInstallTime":107067.98150002956,"hotInstallTime":469.62584495544434,"dependenciesCount":1046,"installSize":365420696},"3164aad":{"time":1700212887000,"buildPluginSetupTime":1.8265839914480846,"bulidDtsTime":1379.333352992932,"bulidEsmTime":1380.8079040050507,"bulidCjsTime":1381.3907803396385,"buildColdBootTime":6394.275671343009,"distSize":1072,"gzippedDistSize":542,"coldInstallTime":67370.4090590179,"hotInstallTime":477.8730640113354,"dependenciesCount":1046,"installSize":365414666},"838205b":{"time":1700401884000,"buildPluginSetupTime":1.8317973415056865,"bulidDtsTime":1303.3552646736305,"bulidEsmTime":1304.750846664111,"bulidCjsTime":1304.9041370054085,"buildColdBootTime":1547.9668613374233,"distSize":1072,"gzippedDistSize":542,"coldInstallTime":63321.75507500768,"hotInstallTime":472.46104100346565,"dependenciesCount":1046,"installSize":365417960},"88d5c57":{"time":1700480676000,"buildPluginSetupTime":1.8067036668459575,"bulidDtsTime":1297.139313340187,"bulidEsmTime":1299.956225335598,"bulidCjsTime":1300.1110560099285,"buildColdBootTime":1547.974229355653,"distSize":1072,"gzippedDistSize":542,"coldInstallTime":55074.92524296045,"hotInstallTime":499.57048296928406,"dependenciesCount":1050,"installSize":365429795},"84b6b73":{"time":1700559099000,"buildPluginSetupTime":1.8478253483772278,"bulidDtsTime":1382.39841401577,"bulidEsmTime":1385.9301063418388,"bulidCjsTime":1386.1215013066928,"buildColdBootTime":1714.5149533351262,"distSize":1072,"gzippedDistSize":542,"coldInstallTime":52026.41985398531,"hotInstallTime":469.99435698986053,"dependenciesCount":1050,"installSize":365422113},"ce201bb":{"time":1700745968000,"buildPluginSetupTime":1.8917199770609539,"bulidDtsTime":1322.1516757011414,"bulidEsmTime":1325.0473939975102,"bulidCjsTime":1325.1070454120636,"buildColdBootTime":1563.2704006830852,"distSize":1072,"gzippedDistSize":542,"coldInstallTime":94185.07648694515,"hotInstallTime":472.9891279935837,"dependenciesCount":1048,"installSize":372562466},"e8d838c":{"time":1700823421000,"buildPluginSetupTime":1.8685086965560913,"bulidDtsTime":1293.764783024788,"bulidEsmTime":1296.470375696818,"bulidCjsTime":1296.6691850423813,"buildColdBootTime":1540.3435966968536,"distSize":1072,"gzippedDistSize":542,"coldInstallTime":56872.763628959656,"hotInstallTime":499.52921199798584,"dependenciesCount":1048,"installSize":372599564},"8ca5480":{"time":1701089842000,"buildPluginSetupTime":1.7975529829661052,"bulidDtsTime":1313.5132606824238,"bulidEsmTime":1316.3782890240352,"bulidCjsTime":1316.6119686762493,"buildColdBootTime":1555.6649850209553,"distSize":1072,"gzippedDistSize":542,"coldInstallTime":56986.21576499939,"hotInstallTime":485.9914209842682,"dependenciesCount":1048,"installSize":372591666},"f4eadb5":{"time":1701157702000,"buildPluginSetupTime":1.894668976465861,"bulidDtsTime":1431.313393354416,"bulidCjsTime":1433.890104651451,"bulidEsmTime":1433.7667813301086,"buildColdBootTime":1740.8071930011113,"distSize":1072,"gzippedDistSize":542,"coldInstallTime":54379.77244591713,"hotInstallTime":481.7683309316635,"dependenciesCount":1052,"installSize":372820060},"ef60f58":{"time":1701262042000,"buildPluginSetupTime":1.90004563331604,"bulidDtsTime":1317.7504239082336,"bulidEsmTime":1318.3022320270538,"bulidCjsTime":1318.3919279575348,"buildColdBootTime":1562.2718839645386,"distSize":1072,"gzippedDistSize":542,"coldInstallTime":51055.33812403679,"hotInstallTime":520.6842749118805,"dependenciesCount":1051,"installSize":372831701},"d433c97":{"time":1701333410000,"buildPluginSetupTime":1.8258113861083984,"bulidDtsTime":1300.222246646881,"bulidEsmTime":1302.9670833746593,"bulidCjsTime":1303.0385786692302,"buildColdBootTime":1544.8518520991008,"distSize":1072,"gzippedDistSize":542,"coldInstallTime":51659.95801997185,"hotInstallTime":458.8298761844635,"dependenciesCount":1050,"installSize":371736118},"91059e4":{"time":1701681519000,"buildPluginSetupTime":1.9679844379425049,"bulidDtsTime":1468.1830636660259,"bulidEsmTime":1470.7867056528728,"bulidCjsTime":1471.2166702747345,"buildColdBootTime":1760.9073463280995,"distSize":1072,"gzippedDistSize":542,"coldInstallTime":57449.01452898979,"hotInstallTime":491.5010550022125,"dependenciesCount":1050,"installSize":371754072},"dfe5ba3":{"time":1701774794000,"buildPluginSetupTime":1.9403736591339111,"bulidDtsTime":1485.0747892856598,"bulidEsmTime":1487.1446526050568,"bulidCjsTime":1487.2220315933228,