{"2692462":{"time":1699431831000,"buildPluginSetupTime":1.920985999997356,"bulidDtsTime":3446.2445106666614,"bulidEsmTime":3649.3892426666666,"bulidCjsTime":3649.440328333323,"buildColdBootTime":3925.474671000013,"distSize":247618,"gzippedDistSize":49404,"coldInstallTime":25871.375987000007,"hotInstallTime":455.61905199999455,"dependenciesCount":754,"installSize":299575416},"0d36351":{"time":1699442062000,"buildPluginSetupTime":1.8685370000021067,"bulidDtsTime":3416.999888666653,"bulidCjsTime":3600.987457333317,"bulidEsmTime":3600.936281666664,"buildColdBootTime":3869.05132566666,"distSize":247618,"gzippedDistSize":49404,"coldInstallTime":19887.243544999976,"hotInstallTime":433.44651799998246,"dependenciesCount":754,"installSize":299575416},"e43bc5f":{"time":1699453580000,"buildPluginSetupTime":2.2812360000098124,"bulidCjsTime":790.1618129999939,"bulidEsmTime":793.5417600000025,"bulidDtsTime":4380.928233333339,"buildColdBootTime":5746.508942666677,"distSize":247618,"gzippedDistSize":49404,"coldInstallTime":28152.09867700003,"hotInstallTime":588.3067210000008,"dependenciesCount":754,"installSize":299614268},"4a0a163":{"time":1699534492000,"buildPluginSetupTime":2.2665456666533523,"bulidCjsTime":782.7536186666694,"bulidEsmTime":786.2474983333377,"bulidDtsTime":4368.699472333344,"buildColdBootTime":5675.2430166666745,"distSize":247618,"gzippedDistSize":49404,"coldInstallTime":27317.90549199999,"hotInstallTime":611.8269810000202,"dependenciesCount":758,"installSize":300031194},"6875ea5":{"time":1699602625000,"buildPluginSetupTime":3.2826943333493546,"bulidCjsTime":1039.4718586666665,"bulidEsmTime":1062.0770453333582,"bulidDtsTime":5566.854951999984,"buildColdBootTime":7438.88935933332,"distSize":247618,"gzippedDistSize":49404,"coldInstallTime":37258.616362,"hotInstallTime":820.516008000006,"dependenciesCount":758,"installSize":300031434},"ce00f6c":{"time":1699661083000,"buildPluginSetupTime":2.279294000007212,"bulidEsmTime":781.0281706666574,"bulidCjsTime":775.839265333314,"bulidDtsTime":4302.132611000018,"buildColdBootTime":5601.936165333318,"distSize":247618,"gzippedDistSize":49404,"coldInstallTime":36279.429466,"hotInstallTime":560.2186249999795,"dependenciesCount":759,"installSize":299824588},"7cea384":{"time":1699753015000,"buildPluginSetupTime":2.015419666732972,"bulidDtsTime":3491.724844333405,"bulidCjsTime":3691.022822333267,"bulidEsmTime":3691.0501866665822,"buildColdBootTime":3966.3350466666743,"distSize":247618,"gzippedDistSize":49404,"coldInstallTime":27421.476436000085,"hotInstallTime":460.9584890000988,"dependenciesCount":759,"installSize":299828696},"dc80bbc":{"time":1700035125000,"buildPluginSetupTime":1.9029560486475627,"bulidDtsTime":2899.0903609991074,"bulidEsmTime":3208.3868800004325,"bulidCjsTime":3208.3502316872277,"buildColdBootTime":3473.0649666786194,"distSize":247655,"gzippedDistSize":49414,"coldInstallTime":35253.92050600052,"hotInstallTime":415.16320395469666,"dependenciesCount":759,"installSize":299813143},"3164aad":{"time":1700212887000,"buildPluginSetupTime":1.8567150036493938,"bulidDtsTime":2884.51219334205,"bulidCjsTime":3220.158446341753,"bulidEsmTime":3220.2205279966197,"buildColdBootTime":3486.446996341149,"distSize":247655,"gzippedDistSize":49414,"coldInstallTime":46280.168271005154,"hotInstallTime":412.0467520058155,"dependenciesCount":759,"installSize":299817137}}
