{"2692462":{"time":1699431831000,"buildPluginSetupTime":2.035923000003095,"bulidDtsTime":3698.889473666665,"bulidEsmTime":4102.618397333339,"bulidCjsTime":4102.742627666671,"buildColdBootTime":4400.2391789999965,"distSize":247652,"gzippedDistSize":49428,"coldInstallTime":24165.67148800002,"hotInstallTime":460.43102599997655,"dependenciesCount":754,"installSize":299571320},"9016367":{"time":1700653856000,"buildPluginSetupTime":1.7929499944051106,"bulidDtsTime":2943.2933006485305,"bulidCjsTime":3413.147054672241,"bulidEsmTime":3414.115085323652,"buildColdBootTime":3691.623762011528,"distSize":247689,"gzippedDistSize":49438,"coldInstallTime":26672.01936495304,"hotInstallTime":435.4729779958725,"dependenciesCount":762,"installSize":299820986},"e43bc5f":{"time":1699453580000,"buildPluginSetupTime":1.9354040000277262,"bulidDtsTime":3466.46699866668,"bulidCjsTime":3830.1378943333402,"bulidEsmTime":3830.259073999982,"buildColdBootTime":4082.9281836666632,"distSize":247652,"gzippedDistSize":49428,"coldInstallTime":22515.623852999997,"hotInstallTime":453.58173099998385,"dependenciesCount":754,"installSize":299614268},"4a0a163":{"time":1699534492000,"buildPluginSetupTime":2.7381166666552113,"bulidEsmTime":1064.5991729999853,"bulidCjsTime":1064.7935073333404,"bulidDtsTime":5083.387066333322,"buildColdBootTime":6984.466053666663,"distSize":247652,"gzippedDistSize":49428,"coldInstallTime":29654.92858800001,"hotInstallTime":713.0823739999905,"dependenciesCount":758,"installSize":300031434},"6875ea5":{"time":1699602625000,"buildPluginSetupTime":2.35646466667337,"bulidEsmTime":952.5702086666715,"bulidCjsTime":951.76520033334,"bulidDtsTime":4421.082073333334,"buildColdBootTime":6155.098274000008,"distSize":247652,"gzippedDistSize":49428,"coldInstallTime":30384.87946299999,"hotInstallTime":632.6663740000222,"dependenciesCount":758,"installSize":300031434},"ce00f6c":{"time":1699661083000,"buildPluginSetupTime":1.9499243333314855,"bulidDtsTime":3507.459200666655,"bulidCjsTime":3865.44695266668,"bulidEsmTime":3865.0967530000103,"buildColdBootTime":4133.051645666671,"distSize":247652,"gzippedDistSize":49428,"coldInstallTime":21410.248153000022,"hotInstallTime":453.55403899995144,"dependenciesCount":759,"installSize":299824588},"7cea384":{"time":1699753015000,"buildPluginSetupTime":2.9122596666760123,"bulidEsmTime":1168.4969256666857,"bulidCjsTime":1168.7243663333454,"bulidDtsTime":5416.093281333316,"buildColdBootTime":7589.309641333326,"distSize":247652,"gzippedDistSize":49428,"coldInstallTime":33146.729616999975,"hotInstallTime":755.8886010000133,"dependenciesCount":759,"installSize":299824600},"405d47d":{"time":1699859958000,"buildPluginSetupTime":1.8922543333367987,"bulidDtsTime":3447.1453843333343,"bulidCjsTime":3807.6783473333344,"bulidEsmTime":3807.7829490000054,"buildColdBootTime":4072.9992399999996,"distSize":247652,"gzippedDistSize":49428,"coldInstallTime":23803.10322400002,"hotInstallTime":451.8780310000002,"dependenciesCount":759,"installSize":299824600},"dc80bbc":{"time":1700035125000,"buildPluginSetupTime":1.8693159818649292,"bulidDtsTime":2860.3549136718116,"bulidCjsTime":3300.7943946520486,"bulidEsmTime":3300.6383133331933,"buildColdBootTime":3558.3582266569138,"distSize":247689,"gzippedDistSize":49438,"coldInstallTime":42794.10725796223,"hotInstallTime":408.8872820138931,"dependenciesCount":759,"installSize":299817239},"3164aad":{"time":1700212887000,"buildPluginSetupTime":1.8321946660677593,"bulidDtsTime":2998.096062997977,"bulidCjsTime":3371.107255677382,"bulidEsmTime":3371.170813679695,"buildColdBootTime":3640.863645662864,"distSize":247689,"gzippedDistSize":49438,"coldInstallTime":27698.472366005182,"hotInstallTime":452.8075940012932,"dependenciesCount":759,"installSize":299821233},"838205b":{"time":1700401884000,"buildPluginSetupTime":1.8728016714255016,"bulidDtsTime":2944.790313998858,"bulidCjsTime":3469.01902132233,"bulidEsmTime":3470.0592233339944,"buildColdBootTime":3710.085044672092,"distSize":247689,"gzippedDistSize":49438,"coldInstallTime":26250.956405997276,"hotInstallTime":403.8879649937153,"dependenciesCount":758,"installSize":299812876},"88d5c57":{"time":1700480676000,"buildPluginSetupTime":1.8785423239072163,"bulidDtsTime":2995.932343006134,"bulidCjsTime":3495.536622007688,"bulidEsmTime":3494.6730676492057,"buildColdBootTime":3736.9027469952903,"distSize":247689,"gzippedDistSize":49438,"coldInstallTime":26773.124935030937,"hotInstallTime":398.2068279981613,"dependenciesCount":762,"installSize":299810020},"84b6b73":{"time":1700559099000,"buildPluginSetupTime":1.8883456786473591,"bulidDtsTime":3284.163949330648,"bulidEsmTime":3690.6175853411355,"bulidCjsTime":3690.6562193234763,"buildColdBootTime":8826.48306030035,"distSize":247689,"gzippedDistSize":49438,"coldInstallTime":24273.595102012157,"hotInstallTime":407.46735298633575,"dependenciesCount":762,"installSize":299814236},"ce201bb":{"time":1700745968000,"buildPluginSetupTime":1.827087680498759,"bulidDtsTime":2867.285768310229,"bulidEsmTime":3412.1679800351462,"bulidCjsTime":3412.643703063329,"buildColdBootTime":3650.155022263527,"distSize":247689,"gzippedDistSize":49438,"coldInstallTime":43291.03311407566,"hotInstallTime":437.54980301856995,"dependenciesCount":761,"installSize":306782297},"e8d838c":{"time":1700823421000,"buildPluginSetupTime":1.8126767079035442,"bulidDtsTime":2963.498709042867,"bulidCjsTime":3393.1523673534393,"bulidEsmTime":3393.3783976634345,"buildColdBootTime":3666.368884007136,"distSize":247689,"gzippedDistSize":49438,"coldInstallTime":35088.208434939384,"hotInstallTime":408.6832250356674,"dependenciesCount":761,"installSize":306782514},"8ca5480":{"time":1701089842000,"buildPluginSetupTime":1.8594166835149128,"bulidDtsTime":3247.900211016337,"bulidCjsTime":3629.6405094067254,"bulidEsmTime":3630.4772036472955,"buildColdBootTime":3872.284904360771,"distSize":247689,"gzippedDistSize":49438,"coldInstallTime":30729.621298909187,"hotInstallTime":436.8903739452362,"dependenciesCount":761,"installSize":306782808},"f4eadb5":{"time":1701157702000,"buildPluginSetupTime":1.8484413226445515,"bulidDtsTime":2823.0480012893677,"bulidCjsTime":3290.3941916624703,"bulidEsmTime":3290.348690390587,"buildColdBootTime":3586.666082660357,"distSize":247689,"gzippedDistSize":49438,"coldInstallTime":25917.997323036194,"hotInstallTime":397.76011395454407,"dependenciesCount":764,"installSize":306908719},"ef60f58":{"time":1701262042000,"buildPluginSetupTime":1.826067050298055,"bulidDtsTime":2850.2444609800973,"bulidCjsTime":3334.6840283075967,"bulidEsmTime":3335.0043207009635,"buildColdBootTime":3584.2641220092773,"distSize":247689,"gzippedDistSize":49438,"coldInstallTime":26372.724014997482,"hotInstallTime":401.9727120399475,"dependenciesCount":760,"installSize":306902617},"d433c97":{"time":1701333410000,"buildPluginSetupTime":1.820510705312093,"bulidDtsTime":2914.508941014608,"bulidEsmTime":3406.85573887825,"bulidCjsTime":3407.990106741587,"buildColdBootTime":3647.930994351705,"distSize":247689,"gzippedDistSize":49438,"coldInstallTime":31769.446473121643,"hotInstallTime":438.1273100376129,"dependenciesCount":760,"installSize":305815377},"91059e4":{"time":1701681519000,"buildPluginSetupTime":1.8361443678538005,"bulidDtsTime":2955.075685660044,"bulidCjsTime":3373.325761318207,"bulidEsmTime":3373.2928202946982,"buildColdBootTime":3632.6085442701974,"distSize":247689,"gzippedDistSize":49438,"coldInstallTime":30103.3387260437,"hotInstallTime":399.47052693367004,"dependenciesCount":760,"installSize":305823051},"dfe5ba3":{"time":1701774794000,"buildPluginSetupTime":1.837870677312215,"bulidDtsTime":2904.1068111260734,"bulidCjsTime":3344.890037616094,"bulidEsmTime":3344.649480740229,"buildColdBootTime":3634.354948282242,"distSize":247689,"gzippedDistSize":49438,"coldInstallTime":32065.49130487442,"hotInstallTime":420.0362799167633,"dependenciesCount":760,"installSize":305823306}}
