{"2692462":{"time":1699431831000,"buildPluginSetupTime":1.9644786666661578,"bulidCjsTime":2230.746023333326,"bulidEsmTime":2229.9039633333355,"bulidDtsTime":5308.91196266668,"buildColdBootTime":5599.3016176666715,"distSize":117724,"gzippedDistSize":45232,"coldInstallTime":51786.056886000006,"hotInstallTime":564.1095659999992,"dependenciesCount":1256,"installSize":465716363},"9016367":{"time":1700653856000,"buildPluginSetupTime":1.8543049891789753,"bulidEsmTime":1644.8741073409717,"bulidCjsTime":1646.107868651549,"bulidDtsTime":4538.1425459980965,"buildColdBootTime":4856.102418661118,"distSize":117724,"gzippedDistSize":45238,"coldInstallTime":82945.42228096724,"hotInstallTime":493.9615380167961,"dependenciesCount":1264,"installSize":457765092},"0d36351":{"time":1699442062000,"buildPluginSetupTime":2.034243999990091,"bulidEsmTime":2308.6226670000083,"bulidCjsTime":2310.2608096666518,"bulidDtsTime":5505.71441133333,"buildColdBootTime":5798.898044333338,"distSize":117724,"gzippedDistSize":45232,"coldInstallTime":50740.51050800002,"hotInstallTime":589.9649649999919,"dependenciesCount":1256,"installSize":465720459},"e43bc5f":{"time":1699453580000,"buildPluginSetupTime":1.9734866666646365,"bulidEsmTime":2263.439283666647,"bulidCjsTime":2264.0729373333743,"bulidDtsTime":5466.863578000009,"buildColdBootTime":5754.796614666663,"distSize":117724,"gzippedDistSize":45232,"coldInstallTime":41735.511005999986,"hotInstallTime":556.455690999981,"dependenciesCount":1256,"installSize":465808230},"4a0a163":{"time":1699534492000,"buildPluginSetupTime":2.3666010000063884,"bulidEsmTime":2141.985462000002,"bulidCjsTime":2267.6131846666685,"bulidDtsTime":6696.024551333336,"buildColdBootTime":9166.473645999999,"distSize":117724,"gzippedDistSize":45232,"coldInstallTime":58094.820926000015,"hotInstallTime":738.3007290000096,"dependenciesCount":1260,"installSize":466219627},"6875ea5":{"time":1699602625000,"buildPluginSetupTime":2.0277826666618544,"bulidCjsTime":2220.496493666675,"bulidEsmTime":2218.301351666674,"bulidDtsTime":5413.705976666679,"buildColdBootTime":5687.759247666661,"distSize":117724,"gzippedDistSize":45232,"coldInstallTime":45999.74060200002,"hotInstallTime":547.3953380000312,"dependenciesCount":1260,"installSize":466221906},"ce00f6c":{"time":1699661083000,"buildPluginSetupTime":2.7077543333095186,"bulidEsmTime":2352.091329999986,"bulidCjsTime":2632.1888383333376,"bulidDtsTime":7661.638381999995,"buildColdBootTime":10427.72970533334,"distSize":117724,"gzippedDistSize":45232,"coldInstallTime":66152.22642100003,"hotInstallTime":852.9228720000247,"dependenciesCount":1260,"installSize":466222046},"7cea384":{"time":1699753015000,"buildPluginSetupTime":2.862964000009621,"bulidEsmTime":2561.835329666656,"bulidCjsTime":2845.04474599999,"bulidDtsTime":8204.934298999995,"buildColdBootTime":11186.23876066665,"distSize":117724,"gzippedDistSize":45232,"coldInstallTime":69998.78562799998,"hotInstallTime":898.7278809999698,"dependenciesCount":1260,"installSize":466226154},"405d47d":{"time":1699859958000,"buildPluginSetupTime":1.9554606666594434,"bulidEsmTime":2184.912393666668,"bulidCjsTime":2185.953081333331,"bulidDtsTime":5217.068570666665,"buildColdBootTime":5502.69247566667,"distSize":117724,"gzippedDistSize":45232,"coldInstallTime":42394.14044700001,"hotInstallTime":547.7184579999885,"dependenciesCount":1260,"installSize":466234346},"dc80bbc":{"time":1700035125000,"buildPluginSetupTime":1.884709318478902,"bulidEsmTime":1597.7353140115738,"bulidCjsTime":1601.1615023612976,"bulidDtsTime":4586.211641073227,"buildColdBootTime":7795.6279893318815,"distSize":117724,"gzippedDistSize":45238,"coldInstallTime":86300.51666295528,"hotInstallTime":482.8323940038681,"dependenciesCount":1260,"installSize":466231081},"3164aad":{"time":1700212887000,"buildPluginSetupTime":1.850121666987737,"bulidEsmTime":1568.8980116645496,"bulidCjsTime":1569.1408520042896,"bulidDtsTime":4397.650759339333,"buildColdBootTime":4658.719525665045,"distSize":117724,"gzippedDistSize":45238,"coldInstallTime":110312.34213197231,"hotInstallTime":504.79811599850655,"dependenciesCount":1260,"installSize":466346382},"88d5c57":{"time":1700480676000,"buildPluginSetupTime":1.9683350125948589,"bulidCjsTime":1617.168115357558,"bulidEsmTime":1616.8184883395832,"bulidDtsTime":5226.13918664058,"buildColdBootTime":5489.0793053507805,"distSize":117724,"gzippedDistSize":45238,"coldInstallTime":90298.38573998213,"hotInstallTime":517.0561689734459,"dependenciesCount":1264,"installSize":457753112},"84b6b73":{"time":1700559099000,"buildPluginSetupTime":1.861218015352885,"bulidEsmTime":1667.9016736745834,"bulidCjsTime":1668.1290863553684,"bulidDtsTime":5169.733833014965,"buildColdBootTime":5430.8914303382235,"distSize":117724,"gzippedDistSize":45238,"coldInstallTime":68442.33817404509,"hotInstallTime":614.7271429896355,"dependenciesCount":1264,"installSize":457765656},"ce201bb":{"time":1700745968000,"buildPluginSetupTime":1.8835220336914062,"bulidCjsTime":1572.788559993108,"bulidEsmTime":1573.0118329524994,"bulidDtsTime":4488.58947066466,"buildColdBootTime":4596.343011299769,"distSize":117724,"gzippedDistSize":45244,"coldInstallTime":83282.69113492966,"hotInstallTime":520.0819729566574,"dependenciesCount":1262,"installSize":469258250},"e8d838c":{"time":1700823421000,"buildPluginSetupTime":1.8135006825129192,"bulidEsmTime":1588.1881153186162,"bulidCjsTime":1589.2068969806035,"bulidDtsTime":4456.7832463185,"buildColdBootTime":4723.4461396535235,"distSize":117724,"gzippedDistSize":45238,"coldInstallTime":75367.72001504898,"hotInstallTime":510.03135001659393,"dependenciesCount":1262,"installSize":469260077},"8ca5480":{"time":1701089842000,"buildPluginSetupTime":1.8470180034637451,"bulidEsmTime":1691.3118096590042,"bulidCjsTime":1692.7788506348927,"bulidDtsTime":4854.330734014511,"buildColdBootTime":5122.616598327954,"distSize":117724,"gzippedDistSize":45238,"coldInstallTime":82005.2965760231,"hotInstallTime":493.27037394046783,"dependenciesCount":1262,"installSize":469264503},"f4eadb5":{"time":1701157702000,"buildPluginSetupTime":1.8856123685836792,"bulidCjsTime":1607.791806379954,"bulidEsmTime":1607.271181980769,"bulidDtsTime":4646.179353992145,"buildColdBootTime":4934.444959640503,"distSize":117724,"gzippedDistSize":45244,"coldInstallTime":84810.17582595348,"hotInstallTime":491.2373700141907,"dependenciesCount":1265,"installSize":469469623},"ef60f58":{"time":1701262042000,"buildPluginSetupTime":1.9208332697550456,"bulidEsmTime":1605.9301954110463,"bulidCjsTime":1604.1681794325511,"bulidDtsTime":4348.019420782725,"buildColdBootTime":4623.0223177274065,"distSize":117724,"gzippedDistSize":45238,"coldInstallTime":92054.00817608833,"hotInstallTime":494.2756040096283,"dependenciesCount":1261,"installSize":469459425},"91059e4":{"time":1701681519000,"buildPluginSetupTime":1.8459841410319011,"bulidCjsTime":1555.7809316317241,"bulidEsmTime":1555.4802570343018,"bulidDtsTime":4505.476007064183,"buildColdBootTime":4780.185182412465,"distSize":117716,"gzippedDistSize":45225,"coldInstallTime":82743.90861988068,"hotInstallTime":530.0312960147858,"dependenciesCount":1261,"installSize":468396165},"dfe5ba3":{"time":1701774794000,"buildPluginSetupTime":1.8476006189982097,"bulidCjsTime":1597.196767727534,"bulidEsmTime":1596.982451359431,"bulidDtsTime":4725.408669630687,"buildColdBootTime":5035.884894212087,"distSize":117716,"gzippedDistSize":45225,"coldInstallTime":73592.84558796883,"hotInstallTime":492.1658260822296,"dependenciesCount":1261,"installSize":468405927},"c2fa7c4":{"time":1701861843000,"buildPluginSetupTime":1.921259880065918,"bulidEsmTime":1564.0133170286815,"bulidCjsTime":1565.1097609996796,"bulidDtsTime":4328.087016741435,"buildColdBootTime":4655.005323648453,"distSize":122150,"gzippedDistSize":45495,"coldInstallTime":78390.18839716911,"hotInstallTime":496.18861293792725,"dependenciesCount":1261,"installSize":468405389},"6561fbd":{"time":1701949486000,"buildPluginSetupTime":1.9081236521402996,"bulidEsmTime":1537.9258953730266,