{"2692462":{"time":1699431831000,"buildPluginSetupTime":1.8855600000048678,"bulidDtsTime":3463.645197666677,"bulidCjsTime":4471.369416000001,"bulidEsmTime":4472.549555333336,"buildColdBootTime":4850.152547000001,"distSize":1455516,"gzippedDistSize":240252,"coldInstallTime":23500.778087999992,"hotInstallTime":450.04492200000095,"dependenciesCount":754,"installSize":299575416},"9016367":{"time":1700653856000,"buildPluginSetupTime":1.8308369914690654,"bulidDtsTime":2920.799913684527,"bulidEsmTime":4088.230069657167,"bulidCjsTime":4090.2736263275146,"buildColdBootTime":4465.78521802028,"distSize":1455553,"gzippedDistSize":240260,"coldInstallTime":26893.62253201008,"hotInstallTime":428.0049480199814,"dependenciesCount":762,"installSize":299825082},"e43bc5f":{"time":1699453580000,"buildPluginSetupTime":2.6813323333238563,"bulidEsmTime":1954.618673333316,"bulidCjsTime":1951.3957389999996,"bulidDtsTime":5222.540154000007,"buildColdBootTime":8570.846226666667,"distSize":1455516,"gzippedDistSize":240252,"coldInstallTime":33478.41231399996,"hotInstallTime":773.1308800000697,"dependenciesCount":754,"installSize":299614268},"4a0a163":{"time":1699534492000,"buildPluginSetupTime":1.9090749999935117,"bulidDtsTime":3406.0481449999984,"bulidEsmTime":4459.443297999988,"bulidCjsTime":4475.849245,"buildColdBootTime":4865.052207666663,"distSize":1455516,"gzippedDistSize":240252,"coldInstallTime":20183.801818000007,"hotInstallTime":454.7333960000251,"dependenciesCount":758,"installSize":300035530},"6875ea5":{"time":1699602625000,"buildPluginSetupTime":2.5864690000307746,"bulidEsmTime":1903.6239979999955,"bulidCjsTime":1914.5082156666904,"bulidDtsTime":4968.6277316666865,"buildColdBootTime":8388.410598333323,"distSize":1455516,"gzippedDistSize":240252,"coldInstallTime":38449.431484,"hotInstallTime":776.3393159999978,"dependenciesCount":758,"installSize":300031434},"ce00f6c":{"time":1699661083000,"buildPluginSetupTime":2.306155000037203,"bulidCjsTime":1573.2056410000077,"bulidEsmTime":1586.2185270000093,"bulidDtsTime":4240.001162333356,"buildColdBootTime":7044.6938430000255,"distSize":1455516,"gzippedDistSize":240252,"coldInstallTime":31023.713000999996,"hotInstallTime":800.8205079999752,"dependenciesCount":759,"installSize":299824588},"7cea384":{"time":1699753015000,"buildPluginSetupTime":2.2711303333247392,"bulidCjsTime":1649.8275263333344,"bulidEsmTime":1643.2639793333365,"bulidDtsTime":4340.329142000002,"buildColdBootTime":7173.354280999997,"distSize":1455516,"gzippedDistSize":240252,"coldInstallTime":27220.621631000016,"hotInstallTime":662.7308279999997,"dependenciesCount":759,"installSize":299828696},"405d47d":{"time":1699859958000,"buildPluginSetupTime":2.3142523333469094,"bulidCjsTime":1649.2421083333418,"bulidEsmTime":1636.5667783333338,"bulidDtsTime":4354.074394666667,"buildColdBootTime":7242.206286999998,"distSize":1455516,"gzippedDistSize":240252,"coldInstallTime":27147.198695999992,"hotInstallTime":583.6580860000104,"dependenciesCount":759,"installSize":299824600},"dc80bbc":{"time":1700035125000,"buildPluginSetupTime":1.8709399700164795,"bulidDtsTime":2873.5444386402764,"bulidEsmTime":3959.3291659752526,"bulidCjsTime":3960.8664729992547,"buildColdBootTime":4340.76524468263,"distSize":1455553,"gzippedDistSize":240260,"coldInstallTime":24098.09804701805,"hotInstallTime":435.87136006355286,"dependenciesCount":759,"installSize":299817239},"3164aad":{"time":1700212887000,"buildPluginSetupTime":1.8209973375002544,"bulidDtsTime":2907.1214203337827,"bulidEsmTime":3941.1687036554017,"bulidCjsTime":3942.4160609940686,"buildColdBootTime":4319.317650675774,"distSize":1455553,"gzippedDistSize":240260,"coldInstallTime":53737.48840200901,"hotInstallTime":428.8051760196686,"dependenciesCount":759,"installSize":299821233},"838205b":{"time":1700401884000,"buildPluginSetupTime":1.8318673272927601,"bulidDtsTime":2993.7351966698966,"bulidCjsTime":4010.1889583369098,"bulidEsmTime":4009.8455389936767,"buildColdBootTime":4394.704542656739,"distSize":1455553,"gzippedDistSize":240260,"coldInstallTime":64461.79630601406,"hotInstallTime":417.1314350068569,"dependenciesCount":758,"installSize":299808780},"88d5c57":{"time":1700480676000,"buildPluginSetupTime":1.8550450205802917,"bulidDtsTime":3148.7308963139853,"bulidEsmTime":3915.594595313072,"bulidCjsTime":3917.2106240193048,"buildColdBootTime":4299.4783579905825,"distSize":1455553,"gzippedDistSize":240260,"coldInstallTime":53731.82416397333,"hotInstallTime":436.1551899909973,"dependenciesCount":762,"installSize":299810020},"84b6b73":{"time":1700559099000,"buildPluginSetupTime":1.897352675596873,"bulidDtsTime":3466.320358335972,"bulidEsmTime":4210.24396733443,"bulidCjsTime":4211.415616671245,"buildColdBootTime":10588.974156320095,"distSize":1455553,"gzippedDistSize":240260,"coldInstallTime":23246.246210038662,"hotInstallTime":417.2939029932022,"dependenciesCount":762,"installSize":299814236},"ce201bb":{"time":1700745968000,"buildPluginSetupTime":1.8410269419352214,"bulidDtsTime":2995.477576613426,"bulidEsmTime":4043.699604034424,"bulidCjsTime":4044.667249361674,"buildColdBootTime":4417.923755327861,"distSize":1455553,"gzippedDistSize":240260,"coldInstallTime":31363.497135043144,"hotInstallTime":418.79199600219727,"dependenciesCount":761,"installSize":306782297},"e8d838c":{"time":1700823421000,"buildPluginSetupTime":1.8817789951960247,"bulidDtsTime":2979.5369859933853,"bulidEsmTime":3924.6030110120773,"bulidCjsTime":3925.698074658712,"buildColdBootTime":4317.637098312378,"distSize":1455553,"gzippedDistSize":240260,"coldInstallTime":29558.027412056923,"hotInstallTime":404.3532929420471,"dependenciesCount":761,"installSize":306782514},"8ca5480":{"time":1701089842000,"buildPluginSetupTime":1.8827582995096843,"bulidDtsTime":3515.6783953110375,"bulidEsmTime":5694.984319647153,"bulidCjsTime":5696.194693644841,"buildColdBootTime":4422.359002629916,"distSize":1455553,"gzippedDistSize":240260,"coldInstallTime":29066.420024991035,"hotInstallTime":440.43526697158813,"dependenciesCount":761,"installSize":306782808},"f4eadb5":{"time":1701157702000,"buildPluginSetupTime":1.8273173173268635,"bulidDtsTime":2889.7193323771157,"bulidEsmTime":3980.992987036705,"bulidCjsTime":3982.9287206331887,"buildColdBootTime":4360.302674690883,"distSize":1455553,"gzippedDistSize":240260,"coldInstallTime":40455.025736927986,"hotInstallTime":410.4400019645691,"dependenciesCount":764,"installSize":306900527},"ef60f58":{"time":1701262042000,"buildPluginSetupTime":1.8253002961476643,"bulidDtsTime":2875.7132983207703,"bulidEsmTime":3921.878097375234,"bulidCjsTime":3922.952639977137,"buildColdBootTime":4254.370488325755,"distSize":1455553,"gzippedDistSize":240260,"coldInstallTime":31453.935354948044,"hotInstallTime":413.12041091918945,"dependenciesCount":760,"installSize":306902617},"d433c97":{"time":1701333410000,"buildPluginSetupTime":1.8407975832621257,"bulidDtsTime":2973.7047692139945,"bulidEsmTime":4079.5781507492065,"bulidCjsTime":4081.5384822686515,"buildColdBootTime":4459.9662390549975,"distSize":1455553,"gzippedDistSize":240260,"coldInstallTime":35496.979554891586,"hotInstallTime":402.3839662075043,"dependenciesCount":760,"installSize":305815377},"91059e4":{"time":1701681519000,"buildPluginSetupTime":1.835116942723592,"bulidDtsTime":2947.2400863170624,"bulidEsmTime":3964.1770029862723,"bulidCjsTime":3965.6775937875113,"buildColdBootTime":4341.558276017507,"distSize":1455553,"gzippedDistSize":240260,"coldInstallTime":39270.40104484558,"hotInstallTime":408.8744671344757,"dependenciesCount":760,"installSize":305823051},"dfe5ba3":{"time":1701774794000,"buildPluginSetupTime":1.829813798268636,"bulidDtsTime":2900.706175327301,"bulidEsmTime":3994.0791116555533,"bulidCjsTime":3997.3155903816223,"buildColdBootTime":4369.518343925476,"distSize":1455553,"gzippedDistSize":240260,"coldInstallTime":40046.835273981094,"hotInstallTime":406.1659879684448,"dependenciesCount":760,"installSize":305823306},"c2fa7c4":{"time":1701861843000,"buildPluginSetupTime":1.8441250324249268,