{"2692462":{"time":1699431831000,"buildPluginSetupTime":2.035923000003095,"bulidDtsTime":3698.889473666665,"bulidEsmTime":4102.618397333339,"bulidCjsTime":4102.742627666671,"buildColdBootTime":4400.2391789999965,"distSize":247652,"gzippedDistSize":49428,"coldInstallTime":24165.67148800002,"hotInstallTime":460.43102599997655,"dependenciesCount":754,"installSize":299571320},"e43bc5f":{"time":1699453580000,"buildPluginSetupTime":1.9354040000277262,"bulidDtsTime":3466.46699866668,"bulidCjsTime":3830.1378943333402,"bulidEsmTime":3830.259073999982,"buildColdBootTime":4082.9281836666632,"distSize":247652,"gzippedDistSize":49428,"coldInstallTime":22515.623852999997,"hotInstallTime":453.58173099998385,"dependenciesCount":754,"installSize":299614268},"4a0a163":{"time":1699534492000,"buildPluginSetupTime":2.7381166666552113,"bulidEsmTime":1064.5991729999853,"bulidCjsTime":1064.7935073333404,"bulidDtsTime":5083.387066333322,"buildColdBootTime":6984.466053666663,"distSize":247652,"gzippedDistSize":49428,"coldInstallTime":29654.92858800001,"hotInstallTime":713.0823739999905,"dependenciesCount":758,"installSize":300031434},"6875ea5":{"time":1699602625000,"buildPluginSetupTime":2.35646466667337,"bulidEsmTime":952.5702086666715,"bulidCjsTime":951.76520033334,"bulidDtsTime":4421.082073333334,"buildColdBootTime":6155.098274000008,"distSize":247652,"gzippedDistSize":49428,"coldInstallTime":30384.87946299999,"hotInstallTime":632.6663740000222,"dependenciesCount":758,"installSize":300031434},"ce00f6c":{"time":1699661083000,"buildPluginSetupTime":3.5659003333421424,"bulidEsmTime":1282.2563493333291,"bulidCjsTime":1282.4696176666766,"bulidDtsTime":5948.546560999996,"buildColdBootTime":8227.798706666663,"distSize":247652,"gzippedDistSize":49428,"coldInstallTime":37341.56658099999,"hotInstallTime":815.0088020000258,"dependenciesCount":759,"installSize":299824588}}
