{"2692462":{"time":1699431831000,"buildPluginSetupTime":2.725761333325257,"bulidCjsTime":1041.9737976666559,"bulidEsmTime":1086.170044333344,"bulidDtsTime":5264.903470666662,"buildColdBootTime":6792.967817000007,"distSize":284328,"gzippedDistSize":50183,"coldInstallTime":31275.118266000005,"hotInstallTime":744.5461679999717,"dependenciesCount":754,"installSize":299575416},"e43bc5f":{"time":1699453580000,"buildPluginSetupTime":1.9897359999789235,"bulidDtsTime":3572.1804906666707,"bulidCjsTime":3889.136881000013,"bulidEsmTime":3883.389844333326,"buildColdBootTime":4164.9828723333385,"distSize":284328,"gzippedDistSize":50183,"coldInstallTime":25567.705804000027,"hotInstallTime":470.8227370000095,"dependenciesCount":754,"installSize":299618364},"4a0a163":{"time":1699534492000,"buildPluginSetupTime":2.3612536666720794,"bulidCjsTime":904.7306016666504,"bulidEsmTime":933.9660286666671,"bulidDtsTime":4431.412846666683,"buildColdBootTime":5733.407952333335,"distSize":284328,"gzippedDistSize":50183,"coldInstallTime":34071.18830400001,"hotInstallTime":725.165112000017,"dependenciesCount":758,"installSize":300031434},"6875ea5":{"time":1699602625000,"buildPluginSetupTime":1.9825479999902502,"bulidDtsTime":3508.3876606666695,"bulidEsmTime":3858.3844596666654,"bulidCjsTime":3840.6203493333305,"buildColdBootTime":4117.413114000005,"distSize":284328,"gzippedDistSize":50183,"coldInstallTime":19772.18984800001,"hotInstallTime":470.04798999999184,"dependenciesCount":758,"installSize":300031434},"ce00f6c":{"time":1699661083000,"buildPluginSetupTime":1.9330906666630956,"bulidDtsTime":3454.1707270000043,"bulidCjsTime":3723.938731666669,"bulidEsmTime":3745.636069999993,"buildColdBootTime":4004.9973676666705,"distSize":284328,"gzippedDistSize":50183,"coldInstallTime":25038.259996000008,"hotInstallTime":440.9231049999944,"dependenciesCount":759,"installSize":299824588}}
