{"2692462":{"time":1699431831000,"buildPluginSetupTime":1.9644786666661578,"bulidCjsTime":2230.746023333326,"bulidEsmTime":2229.9039633333355,"bulidDtsTime":5308.91196266668,"buildColdBootTime":5599.3016176666715,"distSize":117724,"gzippedDistSize":45232,"coldInstallTime":51786.056886000006,"hotInstallTime":564.1095659999992,"dependenciesCount":1256,"installSize":465716363},"0d36351":{"time":1699442062000,"buildPluginSetupTime":2.034243999990091,"bulidEsmTime":2308.6226670000083,"bulidCjsTime":2310.2608096666518,"bulidDtsTime":5505.71441133333,"buildColdBootTime":5798.898044333338,"distSize":117724,"gzippedDistSize":45232,"coldInstallTime":50740.51050800002,"hotInstallTime":589.9649649999919,"dependenciesCount":1256,"installSize":465720459},"e43bc5f":{"time":1699453580000,"buildPluginSetupTime":1.9734866666646365,"bulidEsmTime":2263.439283666647,"bulidCjsTime":2264.0729373333743,"bulidDtsTime":5466.863578000009,"buildColdBootTime":5754.796614666663,"distSize":117724,"gzippedDistSize":45232,"coldInstallTime":41735.511005999986,"hotInstallTime":556.455690999981,"dependenciesCount":1256,"installSize":465808230},"4a0a163":{"time":1699534492000,"buildPluginSetupTime":2.3666010000063884,"bulidEsmTime":2141.985462000002,"bulidCjsTime":2267.6131846666685,"bulidDtsTime":6696.024551333336,"buildColdBootTime":9166.473645999999,"distSize":117724,"gzippedDistSize":45232,"coldInstallTime":58094.820926000015,"hotInstallTime":738.3007290000096,"dependenciesCount":1260,"installSize":466219627},"6875ea5":{"time":1699602625000,"buildPluginSetupTime":2.0277826666618544,"bulidCjsTime":2220.496493666675,"bulidEsmTime":2218.301351666674,"bulidDtsTime":5413.705976666679,"buildColdBootTime":5687.759247666661,"distSize":117724,"gzippedDistSize":45232,"coldInstallTime":45999.74060200002,"hotInstallTime":547.3953380000312,"dependenciesCount":1260,"installSize":466221906}}
