{"2692462":{"time":1699431831000,"buildPluginSetupTime":2.725761333325257,"bulidCjsTime":1041.9737976666559,"bulidEsmTime":1086.170044333344,"bulidDtsTime":5264.903470666662,"buildColdBootTime":6792.967817000007,"distSize":284328,"gzippedDistSize":50183,"coldInstallTime":31275.118266000005,"hotInstallTime":744.5461679999717,"dependenciesCount":754,"installSize":299575416}}
