{"2692462":{"time":1699431831000,"buildPluginSetupTime":2.035923000003095,"bulidDtsTime":3698.889473666665,"bulidEsmTime":4102.618397333339,"bulidCjsTime":4102.742627666671,"buildColdBootTime":4400.2391789999965,"distSize":247652,"gzippedDistSize":49428,"coldInstallTime":24165.67148800002,"hotInstallTime":460.43102599997655,"dependenciesCount":754,"installSize":299571320},"e43bc5f":{"time":1699453580000,"buildPluginSetupTime":1.9354040000277262,"bulidDtsTime":3466.46699866668,"bulidCjsTime":3830.1378943333402,"bulidEsmTime":3830.259073999982,"buildColdBootTime":4082.9281836666632,"distSize":247652,"gzippedDistSize":49428,"coldInstallTime":22515.623852999997,"hotInstallTime":453.58173099998385,"dependenciesCount":754,"installSize":299614268},"4a0a163":{"time":1699534492000,"buildPluginSetupTime":2.7381166666552113,"bulidEsmTime":1064.5991729999853,"bulidCjsTime":1064.7935073333404,"bulidDtsTime":5083.387066333322,"buildColdBootTime":6984.466053666663,"distSize":247652,"gzippedDistSize":49428,"coldInstallTime":29654.92858800001,"hotInstallTime":713.0823739999905,"dependenciesCount":758,"installSize":300031434},"6875ea5":{"time":1699602625000,"buildPluginSetupTime":2.35646466667337,"bulidEsmTime":952.5702086666715,"bulidCjsTime":951.76520033334,"bulidDtsTime":4421.082073333334,"buildColdBootTime":6155.098274000008,"distSize":247652,"gzippedDistSize":49428,"coldInstallTime":30384.87946299999,"hotInstallTime":632.6663740000222,"dependenciesCount":758,"installSize":300031434},"ce00f6c":{"time":1699661083000,"buildPluginSetupTime":1.9499243333314855,"bulidDtsTime":3507.459200666655,"bulidCjsTime":3865.44695266668,"bulidEsmTime":3865.0967530000103,"buildColdBootTime":4133.051645666671,"distSize":247652,"gzippedDistSize":49428,"coldInstallTime":21410.248153000022,"hotInstallTime":453.55403899995144,"dependenciesCount":759,"installSize":299824588},"7cea384":{"time":1699753015000,"buildPluginSetupTime":2.9122596666760123,"bulidEsmTime":1168.4969256666857,"bulidCjsTime":1168.7243663333454,"bulidDtsTime":5416.093281333316,"buildColdBootTime":7589.309641333326,"distSize":247652,"gzippedDistSize":49428,"coldInstallTime":33146.729616999975,"hotInstallTime":755.8886010000133,"dependenciesCount":759,"installSize":299824600},"405d47d":{"time":1699859958000,"buildPluginSetupTime":1.8922543333367987,"bulidDtsTime":3447.1453843333343,"bulidCjsTime":3807.6783473333344,"bulidEsmTime":3807.7829490000054,"buildColdBootTime":4072.9992399999996,"distSize":247652,"gzippedDistSize":49428,"coldInstallTime":23803.10322400002,"hotInstallTime":451.8780310000002,"dependenciesCount":759,"installSize":299824600},"dc80bbc":{"time":1700035125000,"buildPluginSetupTime":1.8693159818649292,"bulidDtsTime":2860.3549136718116,"bulidCjsTime":3300.7943946520486,"bulidEsmTime":3300.6383133331933,"buildColdBootTime":3558.3582266569138,"distSize":247689,"gzippedDistSize":49438,"coldInstallTime":42794.10725796223,"hotInstallTime":408.8872820138931,"dependenciesCount":759,"installSize":299817239},"3164aad":{"time":1700212887000,"buildPluginSetupTime":1.8205303326249123,"bulidDtsTime":2814.9497806678214,"bulidCjsTime":3352.500432332357,"bulidEsmTime":3353.5368686641254,"buildColdBootTime":3591.5301156664887,"distSize":247689,"gzippedDistSize":49438,"coldInstallTime":23109.209970995784,"hotInstallTime":421.4701920002699,"dependenciesCount":759,"installSize":299817841}}
