{"2692462":{"time":1699431831000,"buildPluginSetupTime":3.7404326666728593,"bulidEsmTime":2996.7705846666745,"bulidCjsTime":2995.3062969999933,"bulidDtsTime":4403.099814333313,"buildColdBootTime":9254.656100333339,"distSize":151145,"gzippedDistSize":42005,"coldInstallTime":37061.677379,"hotInstallTime":615.3234609999927,"dependenciesCount":754,"installSize":299575416}}
