{"2692462":{"time":1699431831000,"buildPluginSetupTime":1.917167333342756,"bulidDtsTime":1469.5989356666494,"bulidEsmTime":1470.7026896666503,"bulidCjsTime":1470.8562159999856,"buildColdBootTime":1720.2760430000296,"distSize":1072,"gzippedDistSize":542,"coldInstallTime":34773.49835500005,"hotInstallTime":520.0837689999607,"dependenciesCount":1049,"installSize":365097919},"0d36351":{"time":1699442062000,"buildPluginSetupTime":1.9472926666591472,"bulidDtsTime":1491.8941023333366,"bulidEsmTime":1492.5068660000106,"bulidCjsTime":1492.6662450000101,"buildColdBootTime":1744.3472416666627,"distSize":1072,"gzippedDistSize":542,"coldInstallTime":32188.257803000044,"hotInstallTime":528.1350790000288,"dependenciesCount":1049,"installSize":365097919},"e43bc5f":{"time":1699453580000,"buildPluginSetupTime":2.9736726666548443,"bulidCjsTime":52.46789033333577,"bulidEsmTime":2155.428756666661,"bulidDtsTime":2520.7577206666756,"buildColdBootTime":2971.754417333335,"distSize":1072,"gzippedDistSize":542,"coldInstallTime":40547.50659999999,"hotInstallTime":908.1467379999813,"dependenciesCount":1049,"installSize":365136771},"4a0a163":{"time":1699534492000,"buildPluginSetupTime":1.9429509999948398,"bulidDtsTime":1480.8836969999927,"bulidEsmTime":1481.4987483333389,"bulidCjsTime":1481.692241666664,"buildColdBootTime":1740.0721673333417,"distSize":1072,"gzippedDistSize":542,"coldInstallTime":33297.151671,"hotInstallTime":516.1141340000031,"dependenciesCount":1046,"installSize":365427905},"6875ea5":{"time":1699602625000,"buildPluginSetupTime":2.444005666669303,"bulidCjsTime":43.630636666649174,"bulidEsmTime":1772.3927860000015,"bulidDtsTime":2149.088106333317,"buildColdBootTime":2532.052181333323,"distSize":1072,"gzippedDistSize":542,"coldInstallTime":41334.98803400004,"hotInstallTime":747.961176999961,"dependenciesCount":1046,"installSize":365427905},"ce00f6c":{"time":1699661083000,"buildPluginSetupTime":2.7945449999921643,"bulidEsmTime":1339.7750163333258,"bulidCjsTime":51.03766000003088,"bulidDtsTime":2403.7428519999376,"buildColdBootTime":2832.8653250000207,"distSize":1072,"gzippedDistSize":542,"coldInstallTime":47579.925782999955,"hotInstallTime":946.4914260000223,"dependenciesCount":1046,"installSize":365428045},"7cea384":{"time":1699753015000,"buildPluginSetupTime":1.9283166666670393,"bulidDtsTime":1471.0899280000012,"bulidEsmTime":1471.6970030000277,"bulidCjsTime":1471.8526233333396,"buildColdBootTime":1725.5053006666712,"distSize":1072,"gzippedDistSize":542,"coldInstallTime":33074.917204,"hotInstallTime":522.2312669999665,"dependenciesCount":1046,"installSize":365432153},"405d47d":{"time":1699859958000,"buildPluginSetupTime":1.9374966666606876,"bulidDtsTime":1492.8411493333308,"bulidEsmTime":1493.4307620000036,"bulidCjsTime":1493.550961999989,"buildColdBootTime":1744.600498666657,"distSize":1072,"gzippedDistSize":542,"coldInstallTime":42095.788295000006,"hotInstallTime":527.5397689999954,"dependenciesCount":1046,"installSize":365428340}}
