{"2692462":{"time":1699431831000,"buildPluginSetupTime":1.9644786666661578,"bulidCjsTime":2230.746023333326,"bulidEsmTime":2229.9039633333355,"bulidDtsTime":5308.91196266668,"buildColdBootTime":5599.3016176666715,"distSize":117724,"gzippedDistSize":45232,"coldInstallTime":51786.056886000006,"hotInstallTime":564.1095659999992,"dependenciesCount":1256,"installSize":465716363},"0d36351":{"time":1699442062000,"buildPluginSetupTime":2.034243999990091,"bulidEsmTime":2308.6226670000083,"bulidCjsTime":2310.2608096666518,"bulidDtsTime":5505.71441133333,"buildColdBootTime":5798.898044333338,"distSize":117724,"gzippedDistSize":45232,"coldInstallTime":50740.51050800002,"hotInstallTime":589.9649649999919,"dependenciesCount":1256,"installSize":465720459}}
