{"f7974aa":{"time":1700748308000,"devColdBootTime":4905.333760698636,"buildColdBootTime":6714.852001349132,"minifiedBundleSize":6768223,"gzippedBundleSize":1644149,"coldInstallTime":89935.71311891079,"hotInstallTime":433.4378899335861,"dependenciesCount":730,"installSize":325500041}}
