{"9622823":{"time":1701271097000,"devColdBootTime":221.97909172375998,"buildColdBootTime":199.96277101834616,"minifiedBundleSize":18379,"gzippedBundleSize":7384,"coldInstallTime":8972.800796031952,"hotInstallTime":242.0518400669098,"dependenciesCount":64,"installSize":120761386},"9899498":{"time":1700317508000,"devColdBootTime":227.65362698833147,"buildColdBootTime":221.91348633170128,"minifiedBundleSize":18344,"gzippedBundleSize":7337,"coldInstallTime":13615.593179017305,"hotInstallTime":256.4925239980221,"dependenciesCount":114,"installSize":134354368},"85134ea":{"time":1699953471000,"devColdBootTime":353.5913976666634,"buildColdBootTime":346.91488433332415,"minifiedBundleSize":18416,"gzippedBundleSize":7395,"coldInstallTime":10865.978705000016,"hotInstallTime":276.8362999999663,"dependenciesCount":150,"installSize":135605777},"26998af":{"time":1700054141000,"devColdBootTime":224.95746835072836,"buildColdBootTime":218.5750610033671,"minifiedBundleSize":18344,"gzippedBundleSize":7337,"coldInstallTime":10946.41152894497,"hotInstallTime":259.11552906036377,"dependenciesCount":114,"installSize":134356894},"f2e153f":{"time":1700223623000,"devColdBootTime":228.1203300009171,"buildColdBootTime":218.97679866602024,"minifiedBundleSize":18344,"gzippedBundleSize":7337,"coldInstallTime":11243.758676998317,"hotInstallTime":257.96754099428654,"dependenciesCount":114,"installSize":134358452},"8b059dc":{"time":1700399730000,"devColdBootTime":220.50591199596724,"buildColdBootTime":225.9394626816114,"minifiedBundleSize":18344,"gzippedBundleSize":7337,"coldInstallTime":14272.010187983513,"hotInstallTime":257.30333602428436,"dependenciesCount":108,"installSize":133636754},"12bc79b":{"time":1700564887000,"devColdBootTime":221.90374533335367,"buildColdBootTime":199.5610510110855,"minifiedBundleSize":18344,"gzippedBundleSize":7337,"coldInstallTime":20048.714897990227,"hotInstallTime":243.9357830286026,"dependenciesCount":65,"installSize":119516525},"c195155":{"time":1700665391000,"devColdBootTime":222.40942565600076,"buildColdBootTime":196.97297732035318,"minifiedBundleSize":18344,"gzippedBundleSize":7337,"coldInstallTime":10390.05577301979,"hotInstallTime":247.75460600852966,"dependenciesCount":65,"installSize":119463670},"f7974aa":{"time":1700748308000,"devColdBootTime":227.8439722855886,"buildColdBootTime":210.15886302789053,"minifiedBundleSize":18344,"gzippedBundleSize":7337,"coldInstallTime":10824.998184919357,"hotInstallTime":318.5255320072174,"dependenciesCount":65,"installSize":119468187},"0936fbe":{"time":1700836381000,"devColdBootTime":226.14757434527078,"buildColdBootTime":202.03491965929666,"minifiedBundleSize":18344,"gzippedBundleSize":7337,"coldInstallTime":11878.681316971779,"hotInstallTime":246.14227199554443,"dependenciesCount":65,"installSize":119464231},"3cd288a":{"time":1700927538000,"devColdBootTime":224.2183346748352,"buildColdBootTime":199.74647597471872,"minifiedBundleSize":18344,"gzippedBundleSize":7337,"coldInstallTime":12997.480453014374,"hotInstallTime":245.73259699344635,"dependenciesCount":64,"installSize":119390300},"c4bebdc":{"time":1701009376000,"devColdBootTime":223.4652979771296,"buildColdBootTime":199.33597298463187,"minifiedBundleSize":18344,"gzippedBundleSize":7337,"coldInstallTime":10380.9905949831,"hotInstallTime":258.05691599845886,"dependenciesCount":64,"installSize":119386204},"e237436":{"time":1701091058000,"devColdBootTime":223.21216197808585,"buildColdBootTime":197.77388334274292,"minifiedBundleSize":18344,"gzippedBundleSize":7337,"coldInstallTime":9963.236397981644,"hotInstallTime":253.1241180896759,"dependenciesCount":64,"installSize":119391157},"d9a9f9b":{"time":1701183960000,"devColdBootTime":219.884539326032,"buildColdBootTime":198.09898900985718,"minifiedBundleSize":18379,"gzippedBundleSize":7384,"coldInstallTime":10365.783681988716,"hotInstallTime":244.67252397537231,"dependenciesCount":59,"installSize":72392774},"f6dcb08":{"time":1701699716000,"devColdBootTime":145.5348756313324,"buildColdBootTime":202.83830531438193,"minifiedBundleSize":18379,"gzippedBundleSize":7384,"coldInstallTime":13809.25184392929,"hotInstallTime":256.74014711380005,"dependenciesCount":61,"installSize":71958390},"aa7864e":{"time":1701784554000,"devColdBootTime":142.7829049428304,"buildColdBootTime":200.36010630925497,"minifiedBundleSize":18379,"gzippedBundleSize":7384,"coldInstallTime":11649.583405971527,"hotInstallTime":243.67537713050842,"dependenciesCount":61,"installSize":71958645},"ba954ea":{"time":1701876027000,"devColdBootTime":137.10290932655334,"buildColdBootTime":202.20652929941812,"minifiedBundleSize":18379,"gzippedBundleSize":7384,"coldInstallTime":9258.916396141052,"hotInstallTime":244.4014949798584,"dependenciesCount":61,"installSize":71954765},"56856f0":{"time":1701959043000,"devColdBootTime":139.65746172269186,"buildColdBootTime":206.32677626609802,"minifiedBundleSize":18379,"gzippedBundleSize":7384,"coldInstallTime":12117.200506925583,"hotInstallTime":257.19534492492676,"dependenciesCount":61,"installSize":71955171},"e3c77df":{"time":1702043659000,"devColdBootTime":173.01262513796487,"buildColdBootTime":239.12198996543884,"minifiedBundleSize":18379,"gzippedBundleSize":7384,"coldInstallTime":14941.953523874283,"hotInstallTime":244.89857006072998,"dependenciesCount":61,"installSize":71959407},"8d0915a":{"time":1702131173000,"devColdBootTime":135.59760204950967,"buildColdBootTime":191.31547133127847,"minifiedBundleSize":18379,"gzippedBundleSize":7384,"coldInstallTime":7905.235122919083,"hotInstallTime":259.19089913368225,"dependenciesCount":61,"installSize":71955311},"c6ecf35":{"time":1702210607000,"devColdBootTime":150.76086338361105,"buildColdBootTime":191.48776094118753,"minifiedBundleSize":18379,"gzippedBundleSize":7384,"coldInstallTime":8263.77446103096,"hotInstallTime":244.36074805259705,"dependenciesCount":61,"installSize":71962839},"8d28d86":{"time":1702299167000,"devColdBootTime":136.00681058565775,"buildColdBootTime":195.99815940856934,"minifiedBundleSize":18379,"gzippedBundleSize":7384,"coldInstallTime":11154.627995967865,"hotInstallTime":383.41932797431946,"dependenciesCount":59,"installSize":63846817},"8de2aea":{"time":1702386412000,"devColdBootTime":136.89681418736777,"buildColdBootTime":192.38030846913657,"minifiedBundleSize":18379,"gzippedBundleSize":7384,"coldInstallTime":8971.438458919525,"hotInstallTime":267.9279046058655,"dependenciesCount":59,"installSize":63847408}}
