{"9899498":{"time":1700317508000,"devColdBootTime":420.96185232202214,"buildColdBootTime":364.98111500342685,"minifiedBundleSize":143035,"gzippedBundleSize":46465,"coldInstallTime":17129.561277002096,"hotInstallTime":269.97785499691963,"dependenciesCount":143,"installSize":141072768},"85134ea":{"time":1699953471000,"devColdBootTime":432.98265999999904,"buildColdBootTime":495.1945786666668,"minifiedBundleSize":143107,"gzippedBundleSize":46518,"coldInstallTime":15665.314947999956,"hotInstallTime":296.29656800004886,"dependenciesCount":176,"installSize":141751930},"26998af":{"time":1700054141000,"devColdBootTime":425.03234632809955,"buildColdBootTime":349.9813276529312,"minifiedBundleSize":143096,"gzippedBundleSize":46485,"coldInstallTime":23261.378289937973,"hotInstallTime":266.17363691329956,"dependenciesCount":143,"installSize":141091511},"f2e153f":{"time":1700223623000,"devColdBootTime":410.92534566670656,"buildColdBootTime":366.4764359990756,"minifiedBundleSize":143035,"gzippedBundleSize":46465,"coldInstallTime":28802.009068995714,"hotInstallTime":279.49831300228834,"dependenciesCount":143,"installSize":141076852},"8b059dc":{"time":1700399730000,"devColdBootTime":428.88873400290805,"buildColdBootTime":361.8873606622219,"minifiedBundleSize":143035,"gzippedBundleSize":46465,"coldInstallTime":19232.462196975946,"hotInstallTime":266.4806860089302,"dependenciesCount":137,"installSize":140608069},"12bc79b":{"time":1700564887000,"devColdBootTime":436.34362067778903,"buildColdBootTime":340.8824153145154,"minifiedBundleSize":143035,"gzippedBundleSize":46465,"coldInstallTime":16794.964334011078,"hotInstallTime":322.75628197193146,"dependenciesCount":94,"installSize":126474256},"c195155":{"time":1700665391000,"devColdBootTime":493.66410332918167,"buildColdBootTime":354.5969176888466,"minifiedBundleSize":143035,"gzippedBundleSize":46465,"coldInstallTime":23022.568746984005,"hotInstallTime":263.35947501659393,"dependenciesCount":94,"installSize":126417296},"f7974aa":{"time":1700748308000,"devColdBootTime":421.9987400372823,"buildColdBootTime":325.9536759853363,"minifiedBundleSize":143035,"gzippedBundleSize":46463,"coldInstallTime":11187.144836902618,"hotInstallTime":258.0474359989166,"dependenciesCount":94,"installSize":126417717},"0936fbe":{"time":1700836381000,"devColdBootTime":410.2689030567805,"buildColdBootTime":333.0930813550949,"minifiedBundleSize":143035,"gzippedBundleSize":46463,"coldInstallTime":15234.328722953796,"hotInstallTime":256.36375999450684,"dependenciesCount":94,"installSize":126421953},"3cd288a":{"time":1700927538000,"devColdBootTime":421.72030532360077,"buildColdBootTime":326.97800568739575,"minifiedBundleSize":143035,"gzippedBundleSize":46463,"coldInstallTime":19256.531543970108,"hotInstallTime":259.75106406211853,"dependenciesCount":93,"installSize":126348021},"c4bebdc":{"time":1701009376000,"devColdBootTime":492.4120309750239,"buildColdBootTime":371.38761734962463,"minifiedBundleSize":143035,"gzippedBundleSize":46463,"coldInstallTime":13315.493767023087,"hotInstallTime":257.708909034729,"dependenciesCount":93,"installSize":126348021},"e237436":{"time":1701091058000,"devColdBootTime":415.61118268966675,"buildColdBootTime":356.49354167779285,"minifiedBundleSize":143035,"gzippedBundleSize":46463,"coldInstallTime":16604.442363977432,"hotInstallTime":264.7351279258728,"dependenciesCount":93,"installSize":126336255}}
