{"85134ea":{"time":1699953471000,"devColdBootTime":515.9911526666547,"buildColdBootTime":555.8759056666653,"minifiedBundleSize":10208,"gzippedBundleSize":4215,"coldInstallTime":13533.602696999995,"hotInstallTime":304.7601040000154,"dependenciesCount":202,"installSize":140568147},"26998af":{"time":1700054141000,"devColdBootTime":370.2850816647212,"buildColdBootTime":359.40507435798645,"minifiedBundleSize":10066,"gzippedBundleSize":4103,"coldInstallTime":16491.097609996796,"hotInstallTime":283.3569769859314,"dependenciesCount":166,"installSize":139319228}}
