{"34255e7":{"time":1699954895000,"devColdBootTime":425.63866633333964,"buildColdBootTime":539.2820956666837,"minifiedBundleSize":66719,"gzippedBundleSize":25346,"coldInstallTime":12700.783225000021,"hotInstallTime":309.4327509999857,"dependenciesCount":229,"installSize":153026431}}
