{"9899498":{"time":1700317508000,"devColdBootTime":218.60528633991876,"buildColdBootTime":205.080308675766,"minifiedBundleSize":1226,"gzippedBundleSize":855,"coldInstallTime":9365.318060010672,"hotInstallTime":264.5130020081997,"dependenciesCount":108,"installSize":131467849},"85134ea":{"time":1699953471000,"devColdBootTime":333.8935619999829,"buildColdBootTime":352.16894199999905,"minifiedBundleSize":1298,"gzippedBundleSize":912,"coldInstallTime":10275.098001000006,"hotInstallTime":273.1555680000165,"dependenciesCount":144,"installSize":132736197},"26998af":{"time":1700054141000,"devColdBootTime":219.38274935881296,"buildColdBootTime":203.95508134365082,"minifiedBundleSize":1226,"gzippedBundleSize":855,"coldInstallTime":7660.991095900536,"hotInstallTime":259.4598220586777,"dependenciesCount":108,"installSize":131487314},"f2e153f":{"time":1700223623000,"devColdBootTime":219.8849903320273,"buildColdBootTime":205.4323610017697,"minifiedBundleSize":1226,"gzippedBundleSize":855,"coldInstallTime":5150.530171997845,"hotInstallTime":263.979562997818,"dependenciesCount":108,"installSize":131467837},"8b059dc":{"time":1700399730000,"devColdBootTime":212.22481166323027,"buildColdBootTime":208.69827900330225,"minifiedBundleSize":1226,"gzippedBundleSize":855,"coldInstallTime":7352.602213978767,"hotInstallTime":259.2147040069103,"dependenciesCount":102,"installSize":130746139},"12bc79b":{"time":1700564887000,"devColdBootTime":212.45936767260233,"buildColdBootTime":182.96788932879767,"minifiedBundleSize":1226,"gzippedBundleSize":855,"coldInstallTime":9468.008265972137,"hotInstallTime":243.9616700410843,"dependenciesCount":59,"installSize":116625777},"c195155":{"time":1700665391000,"devColdBootTime":213.47329564889273,"buildColdBootTime":182.87303264935812,"minifiedBundleSize":1226,"gzippedBundleSize":855,"coldInstallTime":5967.674346983433,"hotInstallTime":244.90802496671677,"dependenciesCount":59,"installSize":116568826},"f7974aa":{"time":1700748308000,"devColdBootTime":217.57737827301025,"buildColdBootTime":188.23318803310394,"minifiedBundleSize":1226,"gzippedBundleSize":855,"coldInstallTime":5519.648468971252,"hotInstallTime":249.9847960472107,"dependenciesCount":59,"installSize":116573343},"0936fbe":{"time":1700836381000,"devColdBootTime":212.79068064689636,"buildColdBootTime":183.80554835001627,"minifiedBundleSize":1226,"gzippedBundleSize":855,"coldInstallTime":7039.15456700325,"hotInstallTime":243.91325306892395,"dependenciesCount":59,"installSize":116565291},"3cd288a":{"time":1700927538000,"devColdBootTime":218.98739167054495,"buildColdBootTime":182.86935798327127,"minifiedBundleSize":1226,"gzippedBundleSize":855,"coldInstallTime":7284.122793912888,"hotInstallTime":252.40013098716736,"dependenciesCount":58,"installSize":116495456}}
