{"9622823":{"time":1701271097000,"devColdBootTime":217.24543039004007,"buildColdBootTime":182.77142397562662,"minifiedBundleSize":1298,"gzippedBundleSize":912,"coldInstallTime":15412.661425828934,"hotInstallTime":244.98165893554688,"dependenciesCount":58,"installSize":117866542},"9899498":{"time":1700317508000,"devColdBootTime":218.60528633991876,"buildColdBootTime":205.080308675766,"minifiedBundleSize":1226,"gzippedBundleSize":855,"coldInstallTime":9365.318060010672,"hotInstallTime":264.5130020081997,"dependenciesCount":108,"installSize":131467849},"85134ea":{"time":1699953471000,"devColdBootTime":333.8935619999829,"buildColdBootTime":352.16894199999905,"minifiedBundleSize":1298,"gzippedBundleSize":912,"coldInstallTime":10275.098001000006,"hotInstallTime":273.1555680000165,"dependenciesCount":144,"installSize":132736197},"26998af":{"time":1700054141000,"devColdBootTime":219.38274935881296,"buildColdBootTime":203.95508134365082,"minifiedBundleSize":1226,"gzippedBundleSize":855,"coldInstallTime":7660.991095900536,"hotInstallTime":259.4598220586777,"dependenciesCount":108,"installSize":131487314},"f2e153f":{"time":1700223623000,"devColdBootTime":219.8849903320273,"buildColdBootTime":205.4323610017697,"minifiedBundleSize":1226,"gzippedBundleSize":855,"coldInstallTime":5150.530171997845,"hotInstallTime":263.979562997818,"dependenciesCount":108,"installSize":131467837},"8b059dc":{"time":1700399730000,"devColdBootTime":212.22481166323027,"buildColdBootTime":208.69827900330225,"minifiedBundleSize":1226,"gzippedBundleSize":855,"coldInstallTime":7352.602213978767,"hotInstallTime":259.2147040069103,"dependenciesCount":102,"installSize":130746139},"12bc79b":{"time":1700564887000,"devColdBootTime":212.45936767260233,"buildColdBootTime":182.96788932879767,"minifiedBundleSize":1226,"gzippedBundleSize":855,"coldInstallTime":9468.008265972137,"hotInstallTime":243.9616700410843,"dependenciesCount":59,"installSize":116625777},"c195155":{"time":1700665391000,"devColdBootTime":213.47329564889273,"buildColdBootTime":182.87303264935812,"minifiedBundleSize":1226,"gzippedBundleSize":855,"coldInstallTime":5967.674346983433,"hotInstallTime":244.90802496671677,"dependenciesCount":59,"installSize":116568826},"f7974aa":{"time":1700748308000,"devColdBootTime":217.57737827301025,"buildColdBootTime":188.23318803310394,"minifiedBundleSize":1226,"gzippedBundleSize":855,"coldInstallTime":5519.648468971252,"hotInstallTime":249.9847960472107,"dependenciesCount":59,"installSize":116573343},"0936fbe":{"time":1700836381000,"devColdBootTime":212.79068064689636,"buildColdBootTime":183.80554835001627,"minifiedBundleSize":1226,"gzippedBundleSize":855,"coldInstallTime":7039.15456700325,"hotInstallTime":243.91325306892395,"dependenciesCount":59,"installSize":116565291},"3cd288a":{"time":1700927538000,"devColdBootTime":218.98739167054495,"buildColdBootTime":182.86935798327127,"minifiedBundleSize":1226,"gzippedBundleSize":855,"coldInstallTime":7284.122793912888,"hotInstallTime":252.40013098716736,"dependenciesCount":58,"installSize":116495456},"c4bebdc":{"time":1701009376000,"devColdBootTime":214.24839194615683,"buildColdBootTime":185.51485300064087,"minifiedBundleSize":1226,"gzippedBundleSize":855,"coldInstallTime":7328.334323048592,"hotInstallTime":243.38400197029114,"dependenciesCount":58,"installSize":116491360},"e237436":{"time":1701091058000,"devColdBootTime":214.9922959804535,"buildColdBootTime":182.44078600406647,"minifiedBundleSize":1226,"gzippedBundleSize":855,"coldInstallTime":8235.208889961243,"hotInstallTime":243.08704102039337,"dependenciesCount":58,"installSize":116496313},"d9a9f9b":{"time":1701183960000,"devColdBootTime":214.0507229566574,"buildColdBootTime":192.29289265473685,"minifiedBundleSize":1298,"gzippedBundleSize":912,"coldInstallTime":9515.937658905983,"hotInstallTime":243.12709403038025,"dependenciesCount":53,"installSize":69493834},"0d07160":{"time":1701354685000,"devColdBootTime":215.44730265935263,"buildColdBootTime":188.3903887271881,"minifiedBundleSize":1298,"gzippedBundleSize":912,"coldInstallTime":5186.366094112396,"hotInstallTime":242.55219888687134,"dependenciesCount":55,"installSize":69320504},"f6dcb08":{"time":1701699716000,"devColdBootTime":133.9574132760366,"buildColdBootTime":195.0255552927653,"minifiedBundleSize":1298,"gzippedBundleSize":912,"coldInstallTime":8532.472038984299,"hotInstallTime":315.5117039680481,"dependenciesCount":55,"installSize":69063546},"aa7864e":{"time":1701784554000,"devColdBootTime":131.99343832333884,"buildColdBootTime":183.76993234952292,"minifiedBundleSize":1298,"gzippedBundleSize":912,"coldInstallTime":6941.043118953705,"hotInstallTime":279.68781208992004,"dependenciesCount":55,"installSize":69063801},"ba954ea":{"time":1701876027000,"devColdBootTime":127.44981201489766,"buildColdBootTime":182.85079860687256,"minifiedBundleSize":1298,"gzippedBundleSize":912,"coldInstallTime":6962.9380531311035,"hotInstallTime":251.12476420402527,"dependenciesCount":55,"installSize":69064017},"56856f0":{"time":1701959043000,"devColdBootTime":128.87055730819702,"buildColdBootTime":186.2158307234446,"minifiedBundleSize":1298,"gzippedBundleSize":912,"coldInstallTime":6648.355700016022,"hotInstallTime":252.80126094818115,"dependenciesCount":55,"installSize":69064423},"e3c77df":{"time":1702043659000,"devColdBootTime":130.10679960250854,"buildColdBootTime":184.96680998802185,"minifiedBundleSize":1298,"gzippedBundleSize":912,"coldInstallTime":10659.391304016113,"hotInstallTime":249.96936297416687,"dependenciesCount":55,"installSize":69060467},"8d0915a":{"time":1702131173000,"devColdBootTime":127.93086266517639,"buildColdBootTime":185.42387239138284,"minifiedBundleSize":1298,"gzippedBundleSize":912,"coldInstallTime":11740.65294599533,"hotInstallTime":248.24509692192078,"dependenciesCount":55,"installSize":69064563},"c6ecf35":{"time":1702210607000,"devColdBootTime":145.10172740618387,"buildColdBootTime":221.79085262616476,"minifiedBundleSize":1298,"gzippedBundleSize":912,"coldInstallTime":8372.454807043076,"hotInstallTime":246.80191802978516,"dependenciesCount":55,"installSize":69067995},"8d28d86":{"time":1702299167000,"devColdBootTime":126.96004843711853,"buildColdBootTime":181.3915250301361,"minifiedBundleSize":1298,"gzippedBundleSize":912,"coldInstallTime":4621.433333873749,"hotInstallTime":246.71848797798157,"dependenciesCount":53,"installSize":60951973},"8de2aea":{"time":1702386412000,"devColdBootTime":125.98886903127034,"buildColdBootTime":181.151939868927,"minifiedBundleSize":1298,"gzippedBundleSize":912,"coldInstallTime":10175.54065322876,"hotInstallTime":248.2573962211609,"dependenciesCount":53,"installSize":60948468},"dcd24ef":{"time":1702474689000,"devColdBootTime":129.5607639948527,"buildColdBootTime":184.83697843551636,"minifiedBundleSize":1300,"gzippedBundleSize":913,"coldInstallTime":8009.41464805603,"hotInstallTime":241.191180229187,"dependenciesCount":53,"installSize":61425730},"7390eb4":{"time":1702563680000,"devColdBootTime":394.4381864865621,"buildColdBootTime":163.39060163497925,"minifiedBundleSize":1300,"gzippedBundleSize":913,"coldInstallTime":6434.755835056305,"hotInstallTime":269.3678331375122,"dependenciesCount":53,"installSize":61448089},"678b1f5":{"time":1702647145000,"devColdBootTime":401.65037902196246,"buildColdBootTime":163.2898538907369,"minifiedBundleSize":1300,"gzippedBundleSize":913,"coldInstallTime":6463.607586860657,"hotInstallTime":269.9573230743408,"dependenciesCount":53,"installSize":61444306},"80a19ad":{"time":1702738389000,"devColdBootTime":395.93930355707806,"buildColdBootTime":160.38207801183066,"minifiedBundleSize":1300,"gzippedBundleSize":913,"coldInstallTime":4755.502247810364,"hotInstallTime":249.87608909606934,"dependenciesCount":53,"installSize":61448402},"c9478db":{"time":1702811389000,"devColdBootTime":396.0847585995992,"buildColdBootTime":162.81958214441934,"minifiedBundleSize":1300,"gzippedBundleSize":913,"coldInstallTime":10102.697551727295,"hotInstallTime":263.5265522003174,"dependenciesCount":53,