{"9899498":{"time":1700317508000,"devColdBootTime":227.65362698833147,"buildColdBootTime":221.91348633170128,"minifiedBundleSize":18344,"gzippedBundleSize":7337,"coldInstallTime":13615.593179017305,"hotInstallTime":256.4925239980221,"dependenciesCount":114,"installSize":134354368},"85134ea":{"time":1699953471000,"devColdBootTime":353.5913976666634,"buildColdBootTime":346.91488433332415,"minifiedBundleSize":18416,"gzippedBundleSize":7395,"coldInstallTime":10865.978705000016,"hotInstallTime":276.8362999999663,"dependenciesCount":150,"installSize":135605777},"26998af":{"time":1700054141000,"devColdBootTime":224.95746835072836,"buildColdBootTime":218.5750610033671,"minifiedBundleSize":18344,"gzippedBundleSize":7337,"coldInstallTime":10946.41152894497,"hotInstallTime":259.11552906036377,"dependenciesCount":114,"installSize":134356894},"f2e153f":{"time":1700223623000,"devColdBootTime":228.1203300009171,"buildColdBootTime":218.97679866602024,"minifiedBundleSize":18344,"gzippedBundleSize":7337,"coldInstallTime":11243.758676998317,"hotInstallTime":257.96754099428654,"dependenciesCount":114,"installSize":134358452},"8b059dc":{"time":1700399730000,"devColdBootTime":220.50591199596724,"buildColdBootTime":225.9394626816114,"minifiedBundleSize":18344,"gzippedBundleSize":7337,"coldInstallTime":14272.010187983513,"hotInstallTime":257.30333602428436,"dependenciesCount":108,"installSize":133636754},"12bc79b":{"time":1700564887000,"devColdBootTime":221.90374533335367,"buildColdBootTime":199.5610510110855,"minifiedBundleSize":18344,"gzippedBundleSize":7337,"coldInstallTime":20048.714897990227,"hotInstallTime":243.9357830286026,"dependenciesCount":65,"installSize":119516525},"c195155":{"time":1700665391000,"devColdBootTime":222.40942565600076,"buildColdBootTime":196.97297732035318,"minifiedBundleSize":18344,"gzippedBundleSize":7337,"coldInstallTime":10390.05577301979,"hotInstallTime":247.75460600852966,"dependenciesCount":65,"installSize":119463670},"f7974aa":{"time":1700748308000,"devColdBootTime":227.8439722855886,"buildColdBootTime":210.15886302789053,"minifiedBundleSize":18344,"gzippedBundleSize":7337,"coldInstallTime":10824.998184919357,"hotInstallTime":318.5255320072174,"dependenciesCount":65,"installSize":119468187}}
