{"85134ea":{"time":1699953471000,"devColdBootTime":353.5913976666634,"buildColdBootTime":346.91488433332415,"minifiedBundleSize":18416,"gzippedBundleSize":7395,"coldInstallTime":10865.978705000016,"hotInstallTime":276.8362999999663,"dependenciesCount":150,"installSize":135605777}}
