{"34255e7":{"time":1699954895000,"devColdBootTime":425.63866633333964,"buildColdBootTime":539.2820956666837,"minifiedBundleSize":66719,"gzippedBundleSize":25346,"coldInstallTime":12700.783225000021,"hotInstallTime":309.4327509999857,"dependenciesCount":229,"installSize":153026431},"26998af":{"time":1700054141000,"devColdBootTime":323.3338513771693,"buildColdBootTime":410.556148370107,"minifiedBundleSize":66563,"gzippedBundleSize":25229,"coldInstallTime":17876.43406009674,"hotInstallTime":282.1855300664902,"dependenciesCount":196,"installSize":152354678}}
