{"f7974aa":{"time":1700748308000,"devColdBootTime":4952.5430163145065,"buildColdBootTime":6792.449322342873,"minifiedBundleSize":6768223,"gzippedBundleSize":1644147,"coldInstallTime":65630.68561804295,"hotInstallTime":430.500186085701,"dependenciesCount":730,"installSize":325487995},"0936fbe":{"time":1700836381000,"devColdBootTime":4847.208202679952,"buildColdBootTime":6741.647258957227,"minifiedBundleSize":6769010,"gzippedBundleSize":1644435,"coldInstallTime":68967.56295990944,"hotInstallTime":432.71380496025085,"dependenciesCount":730,"installSize":325493841},"3cd288a":{"time":1700927538000,"devColdBootTime":4937.463686982791,"buildColdBootTime":6719.082734624545,"minifiedBundleSize":6769059,"gzippedBundleSize":1644387,"coldInstallTime":93796.82716095448,"hotInstallTime":455.8102309703827,"dependenciesCount":729,"installSize":325415813},"c4bebdc":{"time":1701009376000,"devColdBootTime":4972.3487443129225,"buildColdBootTime":6772.921434322993,"minifiedBundleSize":6769059,"gzippedBundleSize":1644387,"coldInstallTime":56540.73600304127,"hotInstallTime":435.46540105342865,"dependenciesCount":729,"installSize":325428101},"e237436":{"time":1701091058000,"devColdBootTime":4946.784829338391,"buildColdBootTime":6668.602157990138,"minifiedBundleSize":6769010,"gzippedBundleSize":1644435,"coldInstallTime":64960.69855892658,"hotInstallTime":434.69790601730347,"dependenciesCount":729,"installSize":325428659},"d9a9f9b":{"time":1701183960000,"devColdBootTime":4989.224636673927,"buildColdBootTime":6750.551614642143,"minifiedBundleSize":6814703,"gzippedBundleSize":1652192,"coldInstallTime":77592.16552305222,"hotInstallTime":442.6098960638046,"dependenciesCount":724,"installSize":278423071}}
