{"85134ea":{"time":1699953471000,"devColdBootTime":432.98265999999904,"buildColdBootTime":495.1945786666668,"minifiedBundleSize":143107,"gzippedBundleSize":46518,"coldInstallTime":15665.314947999956,"hotInstallTime":296.29656800004886,"dependenciesCount":176,"installSize":141751930},"26998af":{"time":1700054141000,"devColdBootTime":425.03234632809955,"buildColdBootTime":349.9813276529312,"minifiedBundleSize":143096,"gzippedBundleSize":46485,"coldInstallTime":23261.378289937973,"hotInstallTime":266.17363691329956,"dependenciesCount":143,"installSize":141091511},"f2e153f":{"time":1700223623000,"devColdBootTime":410.92534566670656,"buildColdBootTime":366.4764359990756,"minifiedBundleSize":143035,"gzippedBundleSize":46465,"coldInstallTime":28802.009068995714,"hotInstallTime":279.49831300228834,"dependenciesCount":143,"installSize":141076852}}
