{"9622823":{"time":1701271097000,"devColdBootTime":338.9691463311513,"buildColdBootTime":367.3000539938609,"minifiedBundleSize":74254,"gzippedBundleSize":26978,"coldInstallTime":15437.936392068863,"hotInstallTime":284.70549297332764,"dependenciesCount":167,"installSize":157788740},"9899498":{"time":1700317508000,"devColdBootTime":339.0952433248361,"buildColdBootTime":375.4111593266328,"minifiedBundleSize":74184,"gzippedBundleSize":26919,"coldInstallTime":18058.391746997833,"hotInstallTime":284.13866901397705,"dependenciesCount":203,"installSize":162958826},"85134ea":{"time":1699953471000,"devColdBootTime":480.7875530000213,"buildColdBootTime":504.88054433333065,"minifiedBundleSize":74256,"gzippedBundleSize":26978,"coldInstallTime":14059.47983300002,"hotInstallTime":311.7714269999997,"dependenciesCount":236,"installSize":163645948},"26998af":{"time":1700054141000,"devColdBootTime":335.465479016304,"buildColdBootTime":381.71127637227374,"minifiedBundleSize":74184,"gzippedBundleSize":26919,"coldInstallTime":21906.037581920624,"hotInstallTime":282.2219339609146,"dependenciesCount":203,"installSize":162978291},"f2e153f":{"time":1700223623000,"devColdBootTime":324.91629400104284,"buildColdBootTime":385.0987653359771,"minifiedBundleSize":74184,"gzippedBundleSize":26919,"coldInstallTime":34039.40100299567,"hotInstallTime":996.9952640011907,"dependenciesCount":203,"installSize":162954718},"8b059dc":{"time":1700399730000,"devColdBootTime":335.0501879950364,"buildColdBootTime":377.40135466059047,"minifiedBundleSize":74184,"gzippedBundleSize":26919,"coldInstallTime":16273.749992996454,"hotInstallTime":284.7854410111904,"dependenciesCount":197,"installSize":162237141},"12bc79b":{"time":1700564887000,"devColdBootTime":321.6434309879939,"buildColdBootTime":358.89931666851044,"minifiedBundleSize":74184,"gzippedBundleSize":26919,"coldInstallTime":14530.082418978214,"hotInstallTime":271.5080579519272,"dependenciesCount":168,"installSize":156543965},"c195155":{"time":1700665391000,"devColdBootTime":331.32921568552655,"buildColdBootTime":353.0798986554146,"minifiedBundleSize":74184,"gzippedBundleSize":26919,"coldInstallTime":19366.42280101776,"hotInstallTime":280.76267701387405,"dependenciesCount":168,"installSize":156479133},"f7974aa":{"time":1700748308000,"devColdBootTime":351.96497094631195,"buildColdBootTime":376.11748198668164,"minifiedBundleSize":74184,"gzippedBundleSize":26920,"coldInstallTime":16270.616496920586,"hotInstallTime":282.8599840402603,"dependenciesCount":168,"installSize":156479554},"0936fbe":{"time":1700836381000,"devColdBootTime":342.96142832438153,"buildColdBootTime":364.2628376483917,"minifiedBundleSize":74184,"gzippedBundleSize":26920,"coldInstallTime":17841.519104003906,"hotInstallTime":272.50840401649475,"dependenciesCount":168,"installSize":156490963},"3cd288a":{"time":1700927538000,"devColdBootTime":325.5357649723689,"buildColdBootTime":350.62644934654236,"minifiedBundleSize":74184,"gzippedBundleSize":26920,"coldInstallTime":21721.994889974594,"hotInstallTime":273.38661801815033,"dependenciesCount":167,"installSize":156417031},"c4bebdc":{"time":1701009376000,"devColdBootTime":319.01139132181805,"buildColdBootTime":354.71998103459674,"minifiedBundleSize":74184,"gzippedBundleSize":26920,"coldInstallTime":13985.14391195774,"hotInstallTime":273.51812303066254,"dependenciesCount":167,"installSize":156412935},"e237436":{"time":1701091058000,"devColdBootTime":329.36389100551605,"buildColdBootTime":353.60634195804596,"minifiedBundleSize":74184,"gzippedBundleSize":26920,"coldInstallTime":14398.257604002953,"hotInstallTime":297.1341060400009,"dependenciesCount":167,"installSize":156417853},"d9a9f9b":{"time":1701183960000,"devColdBootTime":367.36250897248584,"buildColdBootTime":374.8159172932307,"minifiedBundleSize":74254,"gzippedBundleSize":26978,"coldInstallTime":15311.550979018211,"hotInstallTime":268.6202839612961,"dependenciesCount":162,"installSize":109415374},"0d07160":{"time":1701354685000,"devColdBootTime":336.277014652888,"buildColdBootTime":361.2191416422526,"minifiedBundleSize":74254,"gzippedBundleSize":26978},"f6dcb08":{"time":1701699716000,"devColdBootTime":254.68393635749817,"buildColdBootTime":445.4567983150482,"minifiedBundleSize":74254,"gzippedBundleSize":26978,"coldInstallTime":20047.372840166092,"hotInstallTime":273.2786729335785,"dependenciesCount":165,"installSize":109207219},"aa7864e":{"time":1701784554000,"devColdBootTime":265.03120001157123,"buildColdBootTime":399.3597960472107,"minifiedBundleSize":74262,"gzippedBundleSize":26981,"coldInstallTime":17384.340355873108,"hotInstallTime":283.5720810890198,"dependenciesCount":165,"installSize":109203378},"ba954ea":{"time":1701876027000,"devColdBootTime":350.63578192392987,"buildColdBootTime":410.8171116511027,"minifiedBundleSize":74262,"gzippedBundleSize":26981,"coldInstallTime":17643.107014894485,"hotInstallTime":284.93112206459045,"dependenciesCount":165,"installSize":109207690},"56856f0":{"time":1701959043000,"devColdBootTime":244.5436006387075,"buildColdBootTime":373.132727543513,"minifiedBundleSize":74262,"gzippedBundleSize":26981,"coldInstallTime":15963.583286046982,"hotInstallTime":296.8458650112152,"dependenciesCount":165,"installSize":109239154},"e3c77df":{"time":1702043659000,"devColdBootTime":247.40635466575623,"buildColdBootTime":367.1548337141673,"minifiedBundleSize":74262,"gzippedBundleSize":26981,"coldInstallTime":16650.161184072495,"hotInstallTime":274.3245189189911,"dependenciesCount":165,"installSize":109239294},"8d0915a":{"time":1702131173000,"devColdBootTime":237.99067401885986,"buildColdBootTime":310.5764506657918,"minifiedBundleSize":74262,"gzippedBundleSize":26981,"coldInstallTime":23246.4936170578,"hotInstallTime":269.43791699409485,"dependenciesCount":165,"installSize":109239294},"c6ecf35":{"time":1702210607000,"devColdBootTime":257.2426869869232,"buildColdBootTime":314.6646474202474,"minifiedBundleSize":74262,"gzippedBundleSize":26981,"coldInstallTime":16255.221359014511,"hotInstallTime":277.25604486465454,"dependenciesCount":165,"installSize":109242726}}
