{"9622823":{"time":1701271097000,"devColdBootTime":326.9438389937083,"buildColdBootTime":397.7852710088094,"minifiedBundleSize":66459,"gzippedBundleSize":25277,"coldInstallTime":11409.531856060028,"hotInstallTime":274.80239510536194,"dependenciesCount":160,"installSize":147187349},"9899498":{"time":1700317508000,"devColdBootTime":316.72595167160034,"buildColdBootTime":436.7147013247013,"minifiedBundleSize":66577,"gzippedBundleSize":25229,"coldInstallTime":18449.76456299424,"hotInstallTime":298.96621000766754,"dependenciesCount":196,"installSize":152339309},"34255e7":{"time":1699954895000,"devColdBootTime":425.63866633333964,"buildColdBootTime":539.2820956666837,"minifiedBundleSize":66719,"gzippedBundleSize":25346,"coldInstallTime":12700.783225000021,"hotInstallTime":309.4327509999857,"dependenciesCount":229,"installSize":153026431},"26998af":{"time":1700054141000,"devColdBootTime":323.3338513771693,"buildColdBootTime":410.556148370107,"minifiedBundleSize":66563,"gzippedBundleSize":25229,"coldInstallTime":17876.43406009674,"hotInstallTime":282.1855300664902,"dependenciesCount":196,"installSize":152354678},"f2e153f":{"time":1700223623000,"devColdBootTime":378.50957266489667,"buildColdBootTime":464.47692966709536,"minifiedBundleSize":66577,"gzippedBundleSize":25229,"coldInstallTime":21172.704208001494,"hotInstallTime":281.9702579975128,"dependenciesCount":196,"installSize":152339297},"8b059dc":{"time":1700399730000,"devColdBootTime":310.4716160098712,"buildColdBootTime":428.9338896671931,"minifiedBundleSize":66577,"gzippedBundleSize":25229,"coldInstallTime":20086.701361000538,"hotInstallTime":284.526486992836,"dependenciesCount":190,"installSize":151617599},"12bc79b":{"time":1700564887000,"devColdBootTime":342.0309516787529,"buildColdBootTime":474.30644631385803,"minifiedBundleSize":66577,"gzippedBundleSize":25229,"coldInstallTime":15449.347972035408,"hotInstallTime":323.67541497945786,"dependenciesCount":161,"installSize":145920327},"c195155":{"time":1700665391000,"devColdBootTime":328.4699566761653,"buildColdBootTime":393.26531032721203,"minifiedBundleSize":66577,"gzippedBundleSize":25229,"coldInstallTime":20171.883774995804,"hotInstallTime":286.0114269852638,"dependenciesCount":161,"installSize":145863687},"f7974aa":{"time":1700748308000,"devColdBootTime":321.7161866426468,"buildColdBootTime":387.7134727239609,"minifiedBundleSize":66577,"gzippedBundleSize":25231,"coldInstallTime":12770.271440029144,"hotInstallTime":282.0897090435028,"dependenciesCount":161,"installSize":145864108},"0936fbe":{"time":1700836381000,"devColdBootTime":333.70629703998566,"buildColdBootTime":389.2678416967392,"minifiedBundleSize":66577,"gzippedBundleSize":25231,"coldInstallTime":18231.270066976547,"hotInstallTime":272.814013004303,"dependenciesCount":161,"installSize":145867325},"3cd288a":{"time":1700927538000,"devColdBootTime":330.58546737829846,"buildColdBootTime":407.9210710128148,"minifiedBundleSize":66577,"gzippedBundleSize":25231,"coldInstallTime":19275.89026904106,"hotInstallTime":278.4146029949188,"dependenciesCount":160,"installSize":145811544},"c4bebdc":{"time":1701009376000,"devColdBootTime":361.3863406976064,"buildColdBootTime":413.2326070467631,"minifiedBundleSize":66577,"gzippedBundleSize":25231,"coldInstallTime":13868.609524965286,"hotInstallTime":275.40827798843384,"dependenciesCount":160,"installSize":145815640},"e237436":{"time":1701091058000,"devColdBootTime":355.43347573280334,"buildColdBootTime":407.8926640351613,"minifiedBundleSize":66577,"gzippedBundleSize":25231,"coldInstallTime":18404.737165927887,"hotInstallTime":286.48653995990753,"dependenciesCount":160,"installSize":145812366},"d9a9f9b":{"time":1701183960000,"devColdBootTime":332.84319162368774,"buildColdBootTime":410.596440633138,"minifiedBundleSize":66459,"gzippedBundleSize":25277,"coldInstallTime":22265.50184094906,"hotInstallTime":273.71016895771027,"dependenciesCount":155,"installSize":98809887},"0d07160":{"time":1701354685000,"devColdBootTime":344.3865466117859,"buildColdBootTime":402.454483350118,"minifiedBundleSize":66459,"gzippedBundleSize":25277,"coldInstallTime":22761.843587875366,"hotInstallTime":269.779629945755,"dependenciesCount":157,"installSize":98643466},"f6dcb08":{"time":1701699716000,"devColdBootTime":238.07005667686462,"buildColdBootTime":385.21108865737915,"minifiedBundleSize":66459,"gzippedBundleSize":25277,"coldInstallTime":21401.586247205734,"hotInstallTime":274.2761399745941,"dependenciesCount":158,"installSize":98624021},"aa7864e":{"time":1701784554000,"devColdBootTime":226.1423980394999,"buildColdBootTime":403.99478427569073,"minifiedBundleSize":66467,"gzippedBundleSize":25278,"coldInstallTime":16683.870964050293,"hotInstallTime":275.13360595703125,"dependenciesCount":158,"installSize":98624276},"ba954ea":{"time":1701876027000,"devColdBootTime":220.9926623503367,"buildColdBootTime":407.82057642936707,"minifiedBundleSize":66467,"gzippedBundleSize":25278,"coldInstallTime":23824.684375047684,"hotInstallTime":288.4992880821228,"dependenciesCount":158,"installSize":98620396},"56856f0":{"time":1701959043000,"devColdBootTime":217.53724805514017,"buildColdBootTime":387.7756260236104,"minifiedBundleSize":66467,"gzippedBundleSize":25278,"coldInstallTime":21908.803269147873,"hotInstallTime":274.5683538913727,"dependenciesCount":158,"installSize":98655956},"e3c77df":{"time":1702043659000,"devColdBootTime":227.08810623486838,"buildColdBootTime":397.5829002857208,"minifiedBundleSize":66467,"gzippedBundleSize":25278,"coldInstallTime":24185.754556894302,"hotInstallTime":273.1122159957886,"dependenciesCount":158,"installSize":98666405},"8d0915a":{"time":1702131173000,"devColdBootTime":228.83348806699118,"buildColdBootTime":335.1845953464508,"minifiedBundleSize":66467,"gzippedBundleSize":25278,"coldInstallTime":17279.93758416176,"hotInstallTime":273.58459186553955,"dependenciesCount":158,"installSize":98666405},"c6ecf35":{"time":1702210607000,"devColdBootTime":215.74905832608542,"buildColdBootTime":331.73433566093445,"minifiedBundleSize":66467,"gzippedBundleSize":25278,"coldInstallTime":12651.36485695839,"hotInstallTime":273.28995299339294,"dependenciesCount":158,"installSize":98669837},"8d28d86":{"time":1702299167000,"devColdBootTime":227.29056453704834,"buildColdBootTime":329.93160192171734,"minifiedBundleSize":66467,"gzippedBundleSize":25278,"coldInstallTime":11036.726840019226,"hotInstallTime":292.9637761116028,"dependenciesCount":156,"installSize":90556199},"8de2aea":{"time":1702386412000,"devColdBootTime":222.28470039367676,"buildColdBootTime":334.1514307657878,"minifiedBundleSize":66467,"gzippedBundleSize":25278,"coldInstallTime":21712.94033384323,"hotInstallTime":372.13139295578003,"dependenciesCount":156,"installSize":90556790},"dcd24ef":{"time":1702474689000,"devColdBootTime":225.53314399719238,"buildColdBootTime":327.06350294748944,"minifiedBundleSize":66469,"gzippedBundleSize":25280,"coldInstallTime":15073.611904144287,"hotInstallTime":285.4516282081604,"dependenciesCount":156,"installSize":91030034},"7390eb4":{"time":1702563680000,"devColdBootTime":583.1835039456686,"buildColdBootTime":363.65942430496216,"minifiedBundleSize":66469,"gzippedBundleSize":25280,"coldInstallTime":20570.315076828003,"hotInstallTime":304.3902978897095,"dependenciesCount":156,"installSize":91052393},"678b1f5":{"time":1702647145000,"devColdBootTime":580.6811761856079,"buildColdBootTime":344.4598199526469,"minifiedBundleSize":66469,"gzippedBundleSize":25280,"coldInstallTime":22324.620723247528,"hotInstallTime":275.8996138572693,"dependenciesCount":156,"installSize":91052622},"80a19ad":{"time":1702738389000,"devColdBootTime":603.0020106633505,"buildColdBootTime":353.1676200230916,"minifiedBundleSize":66469,"gzippedBundleSize":25280,"coldInstallTime":19601.729148864746,"hotInstallTime":292.35612773895264,"dependenciesCount":156,"installSize":91052172},"c9478db":{"time":1702811389000,"devColdBootTime":571.144588470459,"buildColdBootTime":340.48362429936725,"minifiedBundleSize":66469,