{"85134ea":{"time":1699953471000,"devColdBootTime":353.5913976666634,"buildColdBootTime":346.91488433332415,"minifiedBundleSize":18416,"gzippedBundleSize":7395,"coldInstallTime":10865.978705000016,"hotInstallTime":276.8362999999663,"dependenciesCount":150,"installSize":135605777},"26998af":{"time":1700054141000,"devColdBootTime":224.95746835072836,"buildColdBootTime":218.5750610033671,"minifiedBundleSize":18344,"gzippedBundleSize":7337,"coldInstallTime":10946.41152894497,"hotInstallTime":259.11552906036377,"dependenciesCount":114,"installSize":134356894}}
