{"9899498":{"time":1700317508000,"devColdBootTime":365.2369759976864,"buildColdBootTime":363.7769566675027,"minifiedBundleSize":10312,"gzippedBundleSize":4184,"coldInstallTime":20002.234485000372,"hotInstallTime":278.84265199303627,"dependenciesCount":166,"installSize":139301769},"85134ea":{"time":1699953471000,"devColdBootTime":515.9911526666547,"buildColdBootTime":555.8759056666653,"minifiedBundleSize":10208,"gzippedBundleSize":4215,"coldInstallTime":13533.602696999995,"hotInstallTime":304.7601040000154,"dependenciesCount":202,"installSize":140568147},"26998af":{"time":1700054141000,"devColdBootTime":370.2850816647212,"buildColdBootTime":359.40507435798645,"minifiedBundleSize":10066,"gzippedBundleSize":4103,"coldInstallTime":16491.097609996796,"hotInstallTime":283.3569769859314,"dependenciesCount":166,"installSize":139319228},"f2e153f":{"time":1700223623000,"devColdBootTime":459.33952066799003,"buildColdBootTime":373.3733376637101,"minifiedBundleSize":10312,"gzippedBundleSize":4180,"coldInstallTime":15533.66885599494,"hotInstallTime":271.70639200508595,"dependenciesCount":166,"installSize":139301757},"8b059dc":{"time":1700399730000,"devColdBootTime":384.44498066107434,"buildColdBootTime":362.160293340683,"minifiedBundleSize":10312,"gzippedBundleSize":4184,"coldInstallTime":19893.948529988527,"hotInstallTime":274.1683799922466,"dependenciesCount":160,"installSize":138827564},"12bc79b":{"time":1700564887000,"devColdBootTime":488.33405566215515,"buildColdBootTime":371.4642470081647,"minifiedBundleSize":10312,"gzippedBundleSize":4180,"coldInstallTime":15925.358685016632,"hotInstallTime":259.40378803014755,"dependenciesCount":123,"installSize":125690638},"c195155":{"time":1700665391000,"devColdBootTime":412.47228999932605,"buildColdBootTime":431.6572063565254,"minifiedBundleSize":10312,"gzippedBundleSize":4180,"coldInstallTime":13931.943156003952,"hotInstallTime":260.3848610520363,"dependenciesCount":123,"installSize":125629586},"f7974aa":{"time":1700748308000,"devColdBootTime":405.46098633607227,"buildColdBootTime":344.79652535915375,"minifiedBundleSize":10312,"gzippedBundleSize":4185,"coldInstallTime":15558.916291952133,"hotInstallTime":267.8478169441223,"dependenciesCount":123,"installSize":125630007},"0936fbe":{"time":1700836381000,"devColdBootTime":393.61151500542957,"buildColdBootTime":339.2877376476924,"minifiedBundleSize":10312,"gzippedBundleSize":4185,"coldInstallTime":14701.571801900864,"hotInstallTime":268.21330404281616,"dependenciesCount":123,"installSize":125630147},"3cd288a":{"time":1700927538000,"devColdBootTime":376.97635702292126,"buildColdBootTime":339.06609233220416,"minifiedBundleSize":10312,"gzippedBundleSize":4181,"coldInstallTime":14760.559264063835,"hotInstallTime":269.46776497364044,"dependenciesCount":122,"installSize":125556215}}
