{"9899498":{"time":1700317508000,"devColdBootTime":365.2369759976864,"buildColdBootTime":363.7769566675027,"minifiedBundleSize":10312,"gzippedBundleSize":4184,"coldInstallTime":20002.234485000372,"hotInstallTime":278.84265199303627,"dependenciesCount":166,"installSize":139301769},"85134ea":{"time":1699953471000,"devColdBootTime":515.9911526666547,"buildColdBootTime":555.8759056666653,"minifiedBundleSize":10208,"gzippedBundleSize":4215,"coldInstallTime":13533.602696999995,"hotInstallTime":304.7601040000154,"dependenciesCount":202,"installSize":140568147},"26998af":{"time":1700054141000,"devColdBootTime":370.2850816647212,"buildColdBootTime":359.40507435798645,"minifiedBundleSize":10066,"gzippedBundleSize":4103,"coldInstallTime":16491.097609996796,"hotInstallTime":283.3569769859314,"dependenciesCount":166,"installSize":139319228},"f2e153f":{"time":1700223623000,"devColdBootTime":459.33952066799003,"buildColdBootTime":373.3733376637101,"minifiedBundleSize":10312,"gzippedBundleSize":4180,"coldInstallTime":15533.66885599494,"hotInstallTime":271.70639200508595,"dependenciesCount":166,"installSize":139301757},"8b059dc":{"time":1700399730000,"devColdBootTime":384.44498066107434,"buildColdBootTime":362.160293340683,"minifiedBundleSize":10312,"gzippedBundleSize":4184,"coldInstallTime":19893.948529988527,"hotInstallTime":274.1683799922466,"dependenciesCount":160,"installSize":138827564}}
