{"9963780":{"time":1732442593000,"beforeDevTime":435.09824498494464,"devColdBootTime":1214.3850593566895,"beforeBuildTime":469.0453796386719,"buildColdBootTime":1095.7213617960613,"minifiedBundleSize":2891013,"gzippedBundleSize":663017,"coldInstallTime":36448.81075286865,"hotInstallTime":240.30921173095703,"dependenciesCount":40,"installSize":98589583},"57c6341":{"time":1731318635000,"beforeDevTime":449.8120524088542,"devColdBootTime":1210.0586738586426,"beforeBuildTime":469.6460609436035,"buildColdBootTime":1108.4567896525066,"minifiedBundleSize":2890930,"gzippedBundleSize":662982,"coldInstallTime":34738.28486251831,"hotInstallTime":241.79345703125,"dependenciesCount":41,"installSize":98386214},"56d745a":{"time":1731420102000,"beforeDevTime":443.73414357503253,"devColdBootTime":1209.0504837036133,"beforeBuildTime":467.00242869059247,"buildColdBootTime":1087.9728406270344,"minifiedBundleSize":2891013,"gzippedBundleSize":663017,"coldInstallTime":34862.48731994629,"hotInstallTime":244.9056510925293,"dependenciesCount":41,"installSize":98762984},"d9bc19d":{"time":1731508031000,"beforeDevTime":439.6903381347656,"devColdBootTime":1200.0546315511067,"beforeBuildTime":467.88392384847003,"buildColdBootTime":1098.0582097371419,"minifiedBundleSize":2891013,"gzippedBundleSize":663017,"coldInstallTime":36331.77856826782,"hotInstallTime":244.35674285888672,"dependenciesCount":41,"installSize":98881044},"cbd597b":{"time":1731596891000,"beforeDevTime":439.08330663045246,"devColdBootTime":1211.129559834798,"beforeBuildTime":465.99613698323566,"buildColdBootTime":1089.6153958638508,"minifiedBundleSize":2891013,"gzippedBundleSize":663017,"coldInstallTime":34637.822425842285,"hotInstallTime":241.30708694458008,"dependenciesCount":40,"installSize":98631253},"87716db":{"time":1731679348000,"beforeDevTime":441.0973129272461,"devColdBootTime":1199.8362083435059,"beforeBuildTime":463.9448585510254,"buildColdBootTime":1087.2172889709473,"minifiedBundleSize":2891013,"gzippedBundleSize":663017,"coldInstallTime":33225.822357177734,"hotInstallTime":238.38750839233398,"dependenciesCount":40,"installSize":98631253},"dc9e4f7":{"time":1731756753000,"beforeDevTime":438.5923322041829,"devColdBootTime":1211.1091918945312,"beforeBuildTime":464.9021504720052,"buildColdBootTime":1098.2950375874836,"minifiedBundleSize":2891013,"gzippedBundleSize":663017,"coldInstallTime":33340.334659576416,"hotInstallTime":246.66753387451172,"dependenciesCount":40,"installSize":98631253},"0735aed":{"time":1731842000000,"beforeDevTime":436.9896062215169,"devColdBootTime":1201.123483022054,"beforeBuildTime":464.49001439412433,"buildColdBootTime":1108.799524943034,"minifiedBundleSize":2891013,"gzippedBundleSize":663017,"coldInstallTime":35533.87261199951,"hotInstallTime":241.32497024536133,"dependenciesCount":40,"installSize":98635349},"4abc5f1":{"time":1731907855000,"beforeDevTime":440.5439872741699,"devColdBootTime":1220.621696472168,"beforeBuildTime":465.11237208048504,"buildColdBootTime":1111.1565284729004,"minifiedBundleSize":2890930,"gzippedBundleSize":662982,"coldInstallTime":34682.73859786987,"hotInstallTime":242.33544158935547,"dependenciesCount":40,"installSize":98256544},"8594f32":{"time":1732021147000,"beforeDevTime":436.41393661499023,"devColdBootTime":1206.2823015848796,"beforeBuildTime":462.24095153808594,"buildColdBootTime":1095.926663716634,"minifiedBundleSize":2890930,"gzippedBundleSize":662982,"coldInstallTime":23867.274131774902,"hotInstallTime":241.85273361206055,"dependenciesCount":40,"installSize":98252448},"327f460":{"time":1732103569000,"beforeDevTime":438.18694432576496,"devColdBootTime":1223.9407819112141,"beforeBuildTime":463.77796300252277,"buildColdBootTime":1100.3150444030762,"minifiedBundleSize":2891013,"gzippedBundleSize":663018,"coldInstallTime":33872.57668685913,"hotInstallTime":242.51466369628906,"dependenciesCount":40,"installSize":98808934},"e8566de":{"time":1732240570000,"beforeDevTime":438.99051030476886,"devColdBootTime":1216.0836753845215,"beforeBuildTime":462.82493845621747,"buildColdBootTime":1097.4477564493816,"minifiedBundleSize":2891013,"gzippedBundleSize":663017,"coldInstallTime":36887.73246765137,"hotInstallTime":241.2405662536621,"dependenciesCount":40,"installSize":98589571},"e3350e3":{"time":1732281726000,"beforeDevTime":436.03757095336914,"devColdBootTime":1219.0159530639648,"beforeBuildTime":465.83542505900067,"buildColdBootTime":1097.2309684753418,"minifiedBundleSize":2891013,"gzippedBundleSize":663017,"coldInstallTime":23522.127098083496,"hotInstallTime":242.8094482421875,"dependenciesCount":40,"installSize":98589571},"6364b5e":{"time":1732361814000,"beforeDevTime":440.28101857503253,"devColdBootTime":1213.6788037618,"beforeBuildTime":463.7764485677083,"buildColdBootTime":1095.6538060506184,"minifiedBundleSize":2891013,"gzippedBundleSize":663017,"coldInstallTime":36223.59362792969,"hotInstallTime":241.37628936767578,"dependenciesCount":40,"installSize":98589571},"1a5e2c2":{"time":1732532942000,"beforeDevTime":436.2955614725749,"devColdBootTime":1216.1388498942058,"beforeBuildTime":462.78984451293945,"buildColdBootTime":1091.9042053222656,"minifiedBundleSize":2891013,"gzippedBundleSize":663017,"coldInstallTime":34345.20512390137,"hotInstallTime":243.5524024963379,"dependenciesCount":40,"installSize":98584977},"da86ccb":{"time":1732633604000,"beforeDevTime":437.7756512959798,"devColdBootTime":1218.9287452697754,"beforeBuildTime":464.6194890340169,"buildColdBootTime":1089.1720911661785,"minifiedBundleSize":2891013,"gzippedBundleSize":663016,"coldInstallTime":33070.76488113403,"hotInstallTime":243.8290557861328,"dependenciesCount":40,"installSize":98692384},"29ba24c":{"time":1732717099000,"beforeDevTime":437.48497772216797,"devColdBootTime":1206.7203674316406,"beforeBuildTime":465.80064392089844,"buildColdBootTime":1078.5504099527996,"minifiedBundleSize":2891013,"gzippedBundleSize":663016,"coldInstallTime":37499.47088241577,"hotInstallTime":241.76314163208008,"dependenciesCount":40,"installSize":98692384},"7b1e71e":{"time":1732801143000,"beforeDevTime":440.48334248860675,"devColdBootTime":1209.3365478515625,"beforeBuildTime":465.8664843241374,"buildColdBootTime":1096.9003829956055,"minifiedBundleSize":2891013,"gzippedBundleSize":663016,"coldInstallTime":36148.898723602295,"hotInstallTime":237.55237197875977,"dependenciesCount":40,"installSize":98692384},"d0c6e11":{"time":1732883088000,"beforeDevTime":438.0171546936035,"devColdBootTime":1201.9083302815754,"beforeBuildTime":466.625005086263,"buildColdBootTime":1087.4968249003093,"minifiedBundleSize":2891013,"gzippedBundleSize":663016,"coldInstallTime":34503.09484863281,"hotInstallTime":238.44911575317383,"dependenciesCount":40,"installSize":98696480},"1c0a927":{"time":1732977211000,"beforeDevTime":438.2211087544759,"devColdBootTime":1212.3872235616047,"beforeBuildTime":468.2934633890788,"buildColdBootTime":1084.0000953674316,"minifiedBundleSize":2891013,"gzippedBundleSize":663016,"coldInstallTime":36740.00870132446,"hotInstallTime":242.51100158691406,"dependenciesCount":40,"installSize":98692384},"e647624":{"time":1733065060000,"beforeDevTime":436.91811243693036,"devColdBootTime":1204.087947845459,"beforeBuildTime":466.83814748128253,"buildColdBootTime":1106.8081741333008,"minifiedBundleSize":2891013,"gzippedBundleSize":663016,"coldInstallTime":36484.50357437134,"hotInstallTime":242.6740379333496,"dependenciesCount":40,"installSize":98699812},"bb22fc5":{"time":1733132025000,"beforeDevTime":440.5111719767253,"devColdBootTime":1207.8068135579426,"beforeBuildTime":466.118844350179,"buildColdBootTime":1083.9539324442546,"minifiedBundleSize":2891013,"gzippedBundleSize":663016,"coldInstallTime":33772.945514678955,"hotInstallTime":242.93288040161133,"dependenciesCount":40,"installSize":98701638},"5f3f856":{"time":1733238048000,"beforeDevTime":441.60039774576825,"devColdBootTime":1221.0281168619792,"beforeBuildTime":467.8516362508138,"buildColdBootTime":1105.874360402425,"minifiedBundleSize":2891013,