{"85134ea":{"time":1699953471000,"devColdBootTime":480.7875530000213,"buildColdBootTime":504.88054433333065,"minifiedBundleSize":74256,"gzippedBundleSize":26978,"coldInstallTime":14059.47983300002,"hotInstallTime":311.7714269999997,"dependenciesCount":236,"installSize":163645948},"26998af":{"time":1700054141000,"devColdBootTime":335.465479016304,"buildColdBootTime":381.71127637227374,"minifiedBundleSize":74184,"gzippedBundleSize":26919,"coldInstallTime":21906.037581920624,"hotInstallTime":282.2219339609146,"dependenciesCount":203,"installSize":162978291},"f2e153f":{"time":1700223623000,"devColdBootTime":324.91629400104284,"buildColdBootTime":385.0987653359771,"minifiedBundleSize":74184,"gzippedBundleSize":26919,"coldInstallTime":34039.40100299567,"hotInstallTime":996.9952640011907,"dependenciesCount":203,"installSize":162954718}}
