{"34255e7":{"time":1699954895000,"devColdBootTime":788.8510309999887,"buildColdBootTime":960.1164019999754,"minifiedBundleSize":66719,"gzippedBundleSize":25346,"coldInstallTime":23972.197306000046,"hotInstallTime":514.5844019999495,"dependenciesCount":229,"installSize":153026431}}
