{"9622823":{"time":1701271097000,"devColdBootTime":4957.1823472976685,"buildColdBootTime":6804.895911693573,"minifiedBundleSize":6814703,"gzippedBundleSize":1652192,"coldInstallTime":63603.115492105484,"hotInstallTime":435.0376470088959,"dependenciesCount":729,"installSize":326795408},"f7974aa":{"time":1700748308000,"devColdBootTime":4952.5430163145065,"buildColdBootTime":6792.449322342873,"minifiedBundleSize":6768223,"gzippedBundleSize":1644147,"coldInstallTime":65630.68561804295,"hotInstallTime":430.500186085701,"dependenciesCount":730,"installSize":325487995},"0936fbe":{"time":1700836381000,"devColdBootTime":4847.208202679952,"buildColdBootTime":6741.647258957227,"minifiedBundleSize":6769010,"gzippedBundleSize":1644435,"coldInstallTime":68967.56295990944,"hotInstallTime":432.71380496025085,"dependenciesCount":730,"installSize":325493841},"3cd288a":{"time":1700927538000,"devColdBootTime":4937.463686982791,"buildColdBootTime":6719.082734624545,"minifiedBundleSize":6769059,"gzippedBundleSize":1644387,"coldInstallTime":93796.82716095448,"hotInstallTime":455.8102309703827,"dependenciesCount":729,"installSize":325415813},"c4bebdc":{"time":1701009376000,"devColdBootTime":4972.3487443129225,"buildColdBootTime":6772.921434322993,"minifiedBundleSize":6769059,"gzippedBundleSize":1644387,"coldInstallTime":56540.73600304127,"hotInstallTime":435.46540105342865,"dependenciesCount":729,"installSize":325428101},"e237436":{"time":1701091058000,"devColdBootTime":4946.784829338391,"buildColdBootTime":6668.602157990138,"minifiedBundleSize":6769010,"gzippedBundleSize":1644435,"coldInstallTime":64960.69855892658,"hotInstallTime":434.69790601730347,"dependenciesCount":729,"installSize":325428659},"d9a9f9b":{"time":1701183960000,"devColdBootTime":4989.224636673927,"buildColdBootTime":6750.551614642143,"minifiedBundleSize":6814703,"gzippedBundleSize":1652192,"coldInstallTime":77592.16552305222,"hotInstallTime":442.6098960638046,"dependenciesCount":724,"installSize":278423071},"0d07160":{"time":1701354685000,"devColdBootTime":4985.225763718287,"buildColdBootTime":6779.467968702316,"minifiedBundleSize":6814752,"gzippedBundleSize":1652150,"coldInstallTime":72582.65033316612,"hotInstallTime":437.1993598937988,"dependenciesCount":729,"installSize":277186679},"f6dcb08":{"time":1701699716000,"devColdBootTime":5173.339343945186,"buildColdBootTime":6979.625651359558,"minifiedBundleSize":6815441,"gzippedBundleSize":1652226,"coldInstallTime":59986.37362885475,"hotInstallTime":430.77809500694275,"dependenciesCount":708,"installSize":272240555},"aa7864e":{"time":1701784554000,"devColdBootTime":5169.237384637197,"buildColdBootTime":6982.91233030955,"minifiedBundleSize":6815441,"gzippedBundleSize":1652226,"coldInstallTime":67327.91584300995,"hotInstallTime":444.9276611804962,"dependenciesCount":708,"installSize":272245944},"ba954ea":{"time":1701876027000,"devColdBootTime":4810.760600964229,"buildColdBootTime":6939.274402936299,"minifiedBundleSize":6809762,"gzippedBundleSize":1651841,"coldInstallTime":80284.02435207367,"hotInstallTime":436.20752000808716,"dependenciesCount":708,"installSize":272245809},"56856f0":{"time":1701959043000,"devColdBootTime":4884.318679730098,"buildColdBootTime":7000.124956448873,"minifiedBundleSize":6809762,"gzippedBundleSize":1651841,"coldInstallTime":56355.730832099915,"hotInstallTime":432.58227801322937,"dependenciesCount":708,"installSize":272276034},"e3c77df":{"time":1702043659000,"devColdBootTime":4887.843866268794,"buildColdBootTime":6988.587141275406,"minifiedBundleSize":6810582,"gzippedBundleSize":1652179,"coldInstallTime":74496.6764550209,"hotInstallTime":443.2391059398651,"dependenciesCount":708,"installSize":272349199},"8d0915a":{"time":1702131173000,"devColdBootTime":4442.049594640732,"buildColdBootTime":5286.4405609766645,"minifiedBundleSize":6810582,"gzippedBundleSize":1652179,"coldInstallTime":81943.48103904724,"hotInstallTime":444.9461259841919,"dependenciesCount":708,"installSize":272345019},"c6ecf35":{"time":1702210607000,"devColdBootTime":4407.980436086655,"buildColdBootTime":5239.158184687297,"minifiedBundleSize":6810582,"gzippedBundleSize":1652179,"coldInstallTime":76577.47716903687,"hotInstallTime":438.94151616096497,"dependenciesCount":708,"installSize":272352547},"8d28d86":{"time":1702299167000,"devColdBootTime":4457.237207730611,"buildColdBootTime":5225.41306122144,"minifiedBundleSize":6810582,"gzippedBundleSize":1652179,"coldInstallTime":64785.337961912155,"hotInstallTime":436.48284816741943,"dependenciesCount":705,"installSize":264227351},"8de2aea":{"time":1702386412000,"devColdBootTime":4428.687324682872,"buildColdBootTime":5225.025797049205,"minifiedBundleSize":6810582,"gzippedBundleSize":1652179,"coldInstallTime":65696.73964357376,"hotInstallTime":434.33593797683716,"dependenciesCount":705,"installSize":264232038},"dcd24ef":{"time":1702474689000,"devColdBootTime":4381.519424756368,"buildColdBootTime":5265.755954742432,"minifiedBundleSize":6804574,"gzippedBundleSize":1651440,"coldInstallTime":73694.37758016586,"hotInstallTime":438.64892196655273,"dependenciesCount":705,"installSize":264709386},"7390eb4":{"time":1702563680000,"devColdBootTime":4237.690477371216,"buildColdBootTime":4727.787122408549,"minifiedBundleSize":6804574,"gzippedBundleSize":1651440,"coldInstallTime":55921.85333490372,"hotInstallTime":432.4534578323364,"dependenciesCount":705,"installSize":264723553},"678b1f5":{"time":1702647145000,"devColdBootTime":4614.303295294444,"buildColdBootTime":4701.6609473228455,"minifiedBundleSize":6804752,"gzippedBundleSize":1651452,"coldInstallTime":77635.58478498459,"hotInstallTime":441.4171657562256,"dependenciesCount":705,"installSize":264728150},"80a19ad":{"time":1702738389000,"devColdBootTime":4220.476438045502,"buildColdBootTime":4734.6719428698225,"minifiedBundleSize":6804744.333333333,"gzippedBundleSize":1651469.6666666667,"coldInstallTime":73491.98018598557,"hotInstallTime":447.969651222229,"dependenciesCount":705,"installSize":264733118},"c9478db":{"time":1702811389000,"devColdBootTime":4261.60353867213,"buildColdBootTime":4705.6698390642805,"minifiedBundleSize":6804752,"gzippedBundleSize":1651455,"coldInstallTime":69243.46717309952,"hotInstallTime":442.15319299697876,"dependenciesCount":705,"installSize":264722469},"144b50d":{"time":1702910173000,"devColdBootTime":4247.158797423045,"buildColdBootTime":4688.540787537892,"minifiedBundleSize":6806801.333333333,"gzippedBundleSize":1652353.6666666667,"coldInstallTime":68599.71175527573,"hotInstallTime":434.70197439193726,"dependenciesCount":703,"installSize":264898602},"5d2776c":{"time":1702995309000,"devColdBootTime":4276.826005458832,"buildColdBootTime":4674.1218517621355,"minifiedBundleSize":6806809,"gzippedBundleSize":1652336,"coldInstallTime":82925.28284788132,"hotInstallTime":437.61066913604736,"dependenciesCount":703,"installSize":264902698},"a353809":{"time":1703084011000,"beforeDevTime":694.5391904513041,"devColdBootTime":3882.5620199839273,"beforeBuildTime":640.2805329958597,"buildColdBootTime":4716.561084270477,"minifiedBundleSize":6806455.666666667,"gzippedBundleSize":1652213,"coldInstallTime":61686.88660621643,"hotInstallTime":431.4680881500244,"dependenciesCount":703,"installSize":264903828},"fe6be6d":{"time":1703170416000,"beforeDevTime":688.4370039304098,"devColdBootTime":3816.2433590888977,"beforeBuildTime":642.9858889579773,"buildColdBootTime":4773.622455279033,"minifiedBundleSize":6806463,"gzippedBundleSize":1652175,"coldInstallTime":67653.2382440567,"hotInstallTime":428.186261177063,"dependenciesCount":701,"installSize":265235159},"df6ac77":{"time":1703238526000,"beforeDevTime":699.1255734761556,"devColdBootTime":3836.4363327026367,"beforeBuildTime":636.778393904368,"buildColdBootTime":4799.6913506189985,"minifiedBundleSize":6806520,"gzippedBundleSize":1652306,"coldInstallTime":83773.37376403809,"hotInstallTime":437.3422818183899,"dependenciesCount":701,"installSize":265239972},"bd1dbc3":{"time":1703334974000,"beforeDevTime":693.6030133565267,