{"f7974aa":{"time":1700748308000,"devColdBootTime":4952.5430163145065,"buildColdBootTime":6792.449322342873,"minifiedBundleSize":6768223,"gzippedBundleSize":1644147,"coldInstallTime":65630.68561804295,"hotInstallTime":430.500186085701,"dependenciesCount":730,"installSize":325487995}}
