{"57c6341":{"time":1731318635000,"beforeDevTime":449.8120524088542,"devColdBootTime":1210.0586738586426,"beforeBuildTime":469.6460609436035,"buildColdBootTime":1108.4567896525066,"minifiedBundleSize":2890930,"gzippedBundleSize":662982,"coldInstallTime":34738.28486251831,"hotInstallTime":241.79345703125,"dependenciesCount":41,"installSize":98386214},"56d745a":{"time":1731420102000,"beforeDevTime":443.73414357503253,"devColdBootTime":1209.0504837036133,"beforeBuildTime":467.00242869059247,"buildColdBootTime":1087.9728406270344,"minifiedBundleSize":2891013,"gzippedBundleSize":663017,"coldInstallTime":34862.48731994629,"hotInstallTime":244.9056510925293,"dependenciesCount":41,"installSize":98762984},"d9bc19d":{"time":1731508031000,"beforeDevTime":439.6903381347656,"devColdBootTime":1200.0546315511067,"beforeBuildTime":467.88392384847003,"buildColdBootTime":1098.0582097371419,"minifiedBundleSize":2891013,"gzippedBundleSize":663017,"coldInstallTime":36331.77856826782,"hotInstallTime":244.35674285888672,"dependenciesCount":41,"installSize":98881044}}
