{"85134ea":{"time":1699953471000,"devColdBootTime":515.9911526666547,"buildColdBootTime":555.8759056666653,"minifiedBundleSize":10208,"gzippedBundleSize":4215,"coldInstallTime":13533.602696999995,"hotInstallTime":304.7601040000154,"dependenciesCount":202,"installSize":140568147}}
