{"85134ea":{"time":1699953471000,"devColdBootTime":333.8935619999829,"buildColdBootTime":352.16894199999905,"minifiedBundleSize":1298,"gzippedBundleSize":912,"coldInstallTime":10275.098001000006,"hotInstallTime":273.1555680000165,"dependenciesCount":144,"installSize":132736197},"26998af":{"time":1700054141000,"devColdBootTime":219.38274935881296,"buildColdBootTime":203.95508134365082,"minifiedBundleSize":1226,"gzippedBundleSize":855,"coldInstallTime":7660.991095900536,"hotInstallTime":259.4598220586777,"dependenciesCount":108,"installSize":131487314}}
