{"85134ea":{"time":1699953471000,"devColdBootTime":333.8935619999829,"buildColdBootTime":352.16894199999905,"minifiedBundleSize":1298,"gzippedBundleSize":912,"coldInstallTime":10275.098001000006,"hotInstallTime":273.1555680000165,"dependenciesCount":144,"installSize":132736197}}
