{"9622823":{"time":1701271097000,"devColdBootTime":389.1291567484538,"buildColdBootTime":345.73902734120685,"minifiedBundleSize":10429,"gzippedBundleSize":4286,"coldInstallTime":19752.80506515503,"hotInstallTime":265.1260759830475,"dependenciesCount":122,"installSize":126923216},"9899498":{"time":1700317508000,"devColdBootTime":365.2369759976864,"buildColdBootTime":363.7769566675027,"minifiedBundleSize":10312,"gzippedBundleSize":4184,"coldInstallTime":20002.234485000372,"hotInstallTime":278.84265199303627,"dependenciesCount":166,"installSize":139301769},"85134ea":{"time":1699953471000,"devColdBootTime":515.9911526666547,"buildColdBootTime":555.8759056666653,"minifiedBundleSize":10208,"gzippedBundleSize":4215,"coldInstallTime":13533.602696999995,"hotInstallTime":304.7601040000154,"dependenciesCount":202,"installSize":140568147},"26998af":{"time":1700054141000,"devColdBootTime":370.2850816647212,"buildColdBootTime":359.40507435798645,"minifiedBundleSize":10066,"gzippedBundleSize":4103,"coldInstallTime":16491.097609996796,"hotInstallTime":283.3569769859314,"dependenciesCount":166,"installSize":139319228},"f2e153f":{"time":1700223623000,"devColdBootTime":459.33952066799003,"buildColdBootTime":373.3733376637101,"minifiedBundleSize":10312,"gzippedBundleSize":4180,"coldInstallTime":15533.66885599494,"hotInstallTime":271.70639200508595,"dependenciesCount":166,"installSize":139301757},"8b059dc":{"time":1700399730000,"devColdBootTime":384.44498066107434,"buildColdBootTime":362.160293340683,"minifiedBundleSize":10312,"gzippedBundleSize":4184,"coldInstallTime":19893.948529988527,"hotInstallTime":274.1683799922466,"dependenciesCount":160,"installSize":138827564},"12bc79b":{"time":1700564887000,"devColdBootTime":488.33405566215515,"buildColdBootTime":371.4642470081647,"minifiedBundleSize":10312,"gzippedBundleSize":4180,"coldInstallTime":15925.358685016632,"hotInstallTime":259.40378803014755,"dependenciesCount":123,"installSize":125690638},"c195155":{"time":1700665391000,"devColdBootTime":412.47228999932605,"buildColdBootTime":431.6572063565254,"minifiedBundleSize":10312,"gzippedBundleSize":4180,"coldInstallTime":13931.943156003952,"hotInstallTime":260.3848610520363,"dependenciesCount":123,"installSize":125629586},"f7974aa":{"time":1700748308000,"devColdBootTime":405.46098633607227,"buildColdBootTime":344.79652535915375,"minifiedBundleSize":10312,"gzippedBundleSize":4185,"coldInstallTime":15558.916291952133,"hotInstallTime":267.8478169441223,"dependenciesCount":123,"installSize":125630007},"0936fbe":{"time":1700836381000,"devColdBootTime":393.61151500542957,"buildColdBootTime":339.2877376476924,"minifiedBundleSize":10312,"gzippedBundleSize":4185,"coldInstallTime":14701.571801900864,"hotInstallTime":268.21330404281616,"dependenciesCount":123,"installSize":125630147},"3cd288a":{"time":1700927538000,"devColdBootTime":376.97635702292126,"buildColdBootTime":339.06609233220416,"minifiedBundleSize":10312,"gzippedBundleSize":4181,"coldInstallTime":14760.559264063835,"hotInstallTime":269.46776497364044,"dependenciesCount":122,"installSize":125556215},"c4bebdc":{"time":1701009376000,"devColdBootTime":447.8287943204244,"buildColdBootTime":360.97459530830383,"minifiedBundleSize":10312,"gzippedBundleSize":4185,"coldInstallTime":14146.530840992928,"hotInstallTime":258.9638649225235,"dependenciesCount":122,"installSize":125556215},"e237436":{"time":1701091058000,"devColdBootTime":461.72534799575806,"buildColdBootTime":368.15118730068207,"minifiedBundleSize":10312,"gzippedBundleSize":4181,"coldInstallTime":14110.656736969948,"hotInstallTime":263.12969303131104,"dependenciesCount":122,"installSize":125552913},"d9a9f9b":{"time":1701183960000,"devColdBootTime":404.4925010204315,"buildColdBootTime":422.05980229377747,"minifiedBundleSize":10429,"gzippedBundleSize":4286,"coldInstallTime":17433.600882053375,"hotInstallTime":265.2302259206772,"dependenciesCount":117,"installSize":78554604},"0d07160":{"time":1701354685000,"devColdBootTime":373.3344247341156,"buildColdBootTime":345.8955774307251,"minifiedBundleSize":10429,"gzippedBundleSize":4284,"coldInstallTime":12843.844372987747,"hotInstallTime":261.54672408103943,"dependenciesCount":119,"installSize":78381626},"f6dcb08":{"time":1701699716000,"devColdBootTime":291.29112068812054,"buildColdBootTime":342.53023799260455,"minifiedBundleSize":10429,"gzippedBundleSize":4284,"coldInstallTime":13765.152978897095,"hotInstallTime":260.57489490509033,"dependenciesCount":119,"installSize":78124690},"aa7864e":{"time":1701784554000,"devColdBootTime":296.47743105888367,"buildColdBootTime":342.39047439893085,"minifiedBundleSize":10429,"gzippedBundleSize":4284,"coldInstallTime":14241.1253221035,"hotInstallTime":259.22295093536377,"dependenciesCount":119,"installSize":78124945},"ba954ea":{"time":1701876027000,"devColdBootTime":290.838418006897,"buildColdBootTime":341.1958230336507,"minifiedBundleSize":10429,"gzippedBundleSize":4286,"coldInstallTime":15620.945901870728,"hotInstallTime":267.69677901268005,"dependenciesCount":119,"installSize":78125161},"56856f0":{"time":1701959043000,"devColdBootTime":299.3498221238454,"buildColdBootTime":350.1026363372803,"minifiedBundleSize":10429,"gzippedBundleSize":4284,"coldInstallTime":11761.165693998337,"hotInstallTime":265.5050439834595,"dependenciesCount":119,"installSize":78125567},"e3c77df":{"time":1702043659000,"devColdBootTime":291.61932826042175,"buildColdBootTime":340.88644035657245,"minifiedBundleSize":10429,"gzippedBundleSize":4284,"coldInstallTime":21135.181442975998,"hotInstallTime":256.8473770618439,"dependenciesCount":119,"installSize":78125707},"8d0915a":{"time":1702131173000,"devColdBootTime":288.39975571632385,"buildColdBootTime":438.3771725495656,"minifiedBundleSize":10429,"gzippedBundleSize":4284,"coldInstallTime":20834.46469283104,"hotInstallTime":264.717866897583,"dependenciesCount":119,"installSize":78125707},"c6ecf35":{"time":1702210607000,"devColdBootTime":285.569687684377,"buildColdBootTime":318.4920423030853,"minifiedBundleSize":10429,"gzippedBundleSize":4286,"coldInstallTime":10950.559789896011,"hotInstallTime":261.22904086112976,"dependenciesCount":119,"installSize":78129139},"8d28d86":{"time":1702299167000,"devColdBootTime":291.7154765923818,"buildColdBootTime":327.38892459869385,"minifiedBundleSize":10429,"gzippedBundleSize":4286,"coldInstallTime":15436.312058925629,"hotInstallTime":260.0015060901642,"dependenciesCount":117,"installSize":70009012},"8de2aea":{"time":1702386412000,"devColdBootTime":292.7867881457011,"buildColdBootTime":330.3154664039612,"minifiedBundleSize":10429,"gzippedBundleSize":4284,"coldInstallTime":15579.925110816956,"hotInstallTime":274.40468406677246,"dependenciesCount":117,"installSize":70013775},"dcd24ef":{"time":1702474689000,"devColdBootTime":291.9757348696391,"buildColdBootTime":321.4687617619832,"minifiedBundleSize":10431,"gzippedBundleSize":4287,"coldInstallTime":12592.682472705841,"hotInstallTime":267.88016986846924,"dependenciesCount":117,"installSize":70486941},"7390eb4":{"time":1702563680000,"devColdBootTime":671.9574621518453,"buildColdBootTime":347.0456706682841,"minifiedBundleSize":10431,"gzippedBundleSize":4287,"coldInstallTime":16987.011452674866,"hotInstallTime":269.45759868621826,"dependenciesCount":117,"installSize":70509300},"678b1f5":{"time":1702647145000,"devColdBootTime":566.4830199877421,"buildColdBootTime":302.606187025706,"minifiedBundleSize":10431,"gzippedBundleSize":4286,"coldInstallTime":15915.136931419373,"hotInstallTime":262.2856168746948,"dependenciesCount":117,"installSize":70509613}}
