{"9622823":{"time":1701271097000,"devColdBootTime":418.57390689849854,"buildColdBootTime":338.4105412165324,"minifiedBundleSize":143147,"gzippedBundleSize":46533,"coldInstallTime":20589.88004899025,"hotInstallTime":253.706561088562,"dependenciesCount":93,"installSize":127719579},"9899498":{"time":1700317508000,"devColdBootTime":420.96185232202214,"buildColdBootTime":364.98111500342685,"minifiedBundleSize":143035,"gzippedBundleSize":46465,"coldInstallTime":17129.561277002096,"hotInstallTime":269.97785499691963,"dependenciesCount":143,"installSize":141072768},"85134ea":{"time":1699953471000,"devColdBootTime":432.98265999999904,"buildColdBootTime":495.1945786666668,"minifiedBundleSize":143107,"gzippedBundleSize":46518,"coldInstallTime":15665.314947999956,"hotInstallTime":296.29656800004886,"dependenciesCount":176,"installSize":141751930},"26998af":{"time":1700054141000,"devColdBootTime":425.03234632809955,"buildColdBootTime":349.9813276529312,"minifiedBundleSize":143096,"gzippedBundleSize":46485,"coldInstallTime":23261.378289937973,"hotInstallTime":266.17363691329956,"dependenciesCount":143,"installSize":141091511},"f2e153f":{"time":1700223623000,"devColdBootTime":410.92534566670656,"buildColdBootTime":366.4764359990756,"minifiedBundleSize":143035,"gzippedBundleSize":46465,"coldInstallTime":28802.009068995714,"hotInstallTime":279.49831300228834,"dependenciesCount":143,"installSize":141076852},"8b059dc":{"time":1700399730000,"devColdBootTime":428.88873400290805,"buildColdBootTime":361.8873606622219,"minifiedBundleSize":143035,"gzippedBundleSize":46465,"coldInstallTime":19232.462196975946,"hotInstallTime":266.4806860089302,"dependenciesCount":137,"installSize":140608069},"12bc79b":{"time":1700564887000,"devColdBootTime":436.34362067778903,"buildColdBootTime":340.8824153145154,"minifiedBundleSize":143035,"gzippedBundleSize":46465,"coldInstallTime":16794.964334011078,"hotInstallTime":322.75628197193146,"dependenciesCount":94,"installSize":126474256},"c195155":{"time":1700665391000,"devColdBootTime":493.66410332918167,"buildColdBootTime":354.5969176888466,"minifiedBundleSize":143035,"gzippedBundleSize":46465,"coldInstallTime":23022.568746984005,"hotInstallTime":263.35947501659393,"dependenciesCount":94,"installSize":126417296},"f7974aa":{"time":1700748308000,"devColdBootTime":421.9987400372823,"buildColdBootTime":325.9536759853363,"minifiedBundleSize":143035,"gzippedBundleSize":46463,"coldInstallTime":11187.144836902618,"hotInstallTime":258.0474359989166,"dependenciesCount":94,"installSize":126417717},"0936fbe":{"time":1700836381000,"devColdBootTime":410.2689030567805,"buildColdBootTime":333.0930813550949,"minifiedBundleSize":143035,"gzippedBundleSize":46463,"coldInstallTime":15234.328722953796,"hotInstallTime":256.36375999450684,"dependenciesCount":94,"installSize":126421953},"3cd288a":{"time":1700927538000,"devColdBootTime":421.72030532360077,"buildColdBootTime":326.97800568739575,"minifiedBundleSize":143035,"gzippedBundleSize":46463,"coldInstallTime":19256.531543970108,"hotInstallTime":259.75106406211853,"dependenciesCount":93,"installSize":126348021},"c4bebdc":{"time":1701009376000,"devColdBootTime":492.4120309750239,"buildColdBootTime":371.38761734962463,"minifiedBundleSize":143035,"gzippedBundleSize":46463,"coldInstallTime":13315.493767023087,"hotInstallTime":257.708909034729,"dependenciesCount":93,"installSize":126348021},"e237436":{"time":1701091058000,"devColdBootTime":415.61118268966675,"buildColdBootTime":356.49354167779285,"minifiedBundleSize":143035,"gzippedBundleSize":46463,"coldInstallTime":16604.442363977432,"hotInstallTime":264.7351279258728,"dependenciesCount":93,"installSize":126336255},"d9a9f9b":{"time":1701183960000,"devColdBootTime":421.0801420211792,"buildColdBootTime":327.5369900067647,"minifiedBundleSize":143147,"gzippedBundleSize":46533,"coldInstallTime":19364.66708803177,"hotInstallTime":254.20411098003387,"dependenciesCount":88,"installSize":79338859},"0d07160":{"time":1701354685000,"devColdBootTime":425.8133323987325,"buildColdBootTime":336.438205242157,"minifiedBundleSize":143147,"gzippedBundleSize":46533,"coldInstallTime":24321.226005077362,"hotInstallTime":255.81772184371948,"dependenciesCount":93,"installSize":79330494},"f6dcb08":{"time":1701699716000,"devColdBootTime":329.9425006707509,"buildColdBootTime":328.89571809768677,"minifiedBundleSize":143147,"gzippedBundleSize":46533,"coldInstallTime":21497.564912080765,"hotInstallTime":245.43368005752563,"dependenciesCount":66,"installSize":74286272},"aa7864e":{"time":1701784554000,"devColdBootTime":339.28215344746906,"buildColdBootTime":335.65777762730914,"minifiedBundleSize":143147,"gzippedBundleSize":46533,"coldInstallTime":10787.454663991928,"hotInstallTime":250.39511013031006,"dependenciesCount":66,"installSize":74290623},"ba954ea":{"time":1701876027000,"devColdBootTime":321.87914395332336,"buildColdBootTime":330.15748794873554,"minifiedBundleSize":143147,"gzippedBundleSize":46533,"coldInstallTime":11202.872143030167,"hotInstallTime":251.2301549911499,"dependenciesCount":66,"installSize":74290839},"56856f0":{"time":1701959043000,"devColdBootTime":334.7780583699544,"buildColdBootTime":339.0535973707835,"minifiedBundleSize":143147,"gzippedBundleSize":46533,"coldInstallTime":14899.460921764374,"hotInstallTime":249.3779239654541,"dependenciesCount":66,"installSize":74291245},"e3c77df":{"time":1702043659000,"devColdBootTime":341.0499149163564,"buildColdBootTime":334.72393441200256,"minifiedBundleSize":143147,"gzippedBundleSize":46533,"coldInstallTime":14476.505931138992,"hotInstallTime":251.13883996009827,"dependenciesCount":66,"installSize":74287289},"8d0915a":{"time":1702131173000,"devColdBootTime":326.1448263327281,"buildColdBootTime":274.37613169352215,"minifiedBundleSize":143147,"gzippedBundleSize":46533,"coldInstallTime":19913.434184074402,"hotInstallTime":260.79692697525024,"dependenciesCount":66,"installSize":74283193},"c6ecf35":{"time":1702210607000,"devColdBootTime":316.79276434580487,"buildColdBootTime":271.153122027715,"minifiedBundleSize":143147,"gzippedBundleSize":46533,"coldInstallTime":13570.003318071365,"hotInstallTime":251.19356608390808,"dependenciesCount":66,"installSize":74294817},"8d28d86":{"time":1702299167000,"devColdBootTime":326.99281605084735,"buildColdBootTime":276.9158887068431,"minifiedBundleSize":143147,"gzippedBundleSize":46533,"coldInstallTime":11849.902349948883,"hotInstallTime":253.40008091926575,"dependenciesCount":64,"installSize":66178376},"8de2aea":{"time":1702386412000,"devColdBootTime":326.9385509490967,"buildColdBootTime":284.6046616236369,"minifiedBundleSize":143147,"gzippedBundleSize":46533,"coldInstallTime":18546.180701732635,"hotInstallTime":247.3800826072693,"dependenciesCount":64,"installSize":66178967},"dcd24ef":{"time":1702474689000,"devColdBootTime":326.33898671468097,"buildColdBootTime":275.40871636072796,"minifiedBundleSize":143149,"gzippedBundleSize":46536,"coldInstallTime":27583.864240646362,"hotInstallTime":252.52000665664673,"dependenciesCount":64,"installSize":66648037},"7390eb4":{"time":1702563680000,"devColdBootTime":627.7617893218994,"buildColdBootTime":281.4763692220052,"minifiedBundleSize":143149,"gzippedBundleSize":46536,"coldInstallTime":17402.631723880768,"hotInstallTime":251.40795803070068,"dependenciesCount":64,"installSize":66674492},"678b1f5":{"time":1702647145000,"devColdBootTime":615.0264326731364,"buildColdBootTime":270.7925190925598,"minifiedBundleSize":143149,"gzippedBundleSize":46536,"coldInstallTime":14266.165202140808,"hotInstallTime":244.45822715759277,"dependenciesCount":64,"installSize":66674821},"80a19ad":{"time":1702738389000,"devColdBootTime":616.2252478599548,"buildColdBootTime":270.2627444267273,"minifiedBundleSize":143149,"gzippedBundleSize":46536,"coldInstallTime":13142.961310863495,"hotInstallTime":247.80146312713623,"dependenciesCount":64,"installSize":66674821},"c9478db":{"time":1702811389000,"devColdBootTime":640.223706404368,"buildColdBootTime":277.4329578081767,