{"9899498":{"time":1700317508000,"devColdBootTime":316.72595167160034,"buildColdBootTime":436.7147013247013,"minifiedBundleSize":66577,"gzippedBundleSize":25229,"coldInstallTime":18449.76456299424,"hotInstallTime":298.96621000766754,"dependenciesCount":196,"installSize":152339309},"34255e7":{"time":1699954895000,"devColdBootTime":425.63866633333964,"buildColdBootTime":539.2820956666837,"minifiedBundleSize":66719,"gzippedBundleSize":25346,"coldInstallTime":12700.783225000021,"hotInstallTime":309.4327509999857,"dependenciesCount":229,"installSize":153026431},"26998af":{"time":1700054141000,"devColdBootTime":323.3338513771693,"buildColdBootTime":410.556148370107,"minifiedBundleSize":66563,"gzippedBundleSize":25229,"coldInstallTime":17876.43406009674,"hotInstallTime":282.1855300664902,"dependenciesCount":196,"installSize":152354678},"f2e153f":{"time":1700223623000,"devColdBootTime":378.50957266489667,"buildColdBootTime":464.47692966709536,"minifiedBundleSize":66577,"gzippedBundleSize":25229,"coldInstallTime":21172.704208001494,"hotInstallTime":281.9702579975128,"dependenciesCount":196,"installSize":152339297},"8b059dc":{"time":1700399730000,"devColdBootTime":310.4716160098712,"buildColdBootTime":428.9338896671931,"minifiedBundleSize":66577,"gzippedBundleSize":25229,"coldInstallTime":20086.701361000538,"hotInstallTime":284.526486992836,"dependenciesCount":190,"installSize":151617599}}
