{"85134ea":{"time":1699953471000,"devColdBootTime":432.98265999999904,"buildColdBootTime":495.1945786666668,"minifiedBundleSize":143107,"gzippedBundleSize":46518,"coldInstallTime":15665.314947999956,"hotInstallTime":296.29656800004886,"dependenciesCount":176,"installSize":141751930}}
