{"9899498":{"time":1700317508000,"devColdBootTime":218.60528633991876,"buildColdBootTime":205.080308675766,"minifiedBundleSize":1226,"gzippedBundleSize":855,"coldInstallTime":9365.318060010672,"hotInstallTime":264.5130020081997,"dependenciesCount":108,"installSize":131467849},"85134ea":{"time":1699953471000,"devColdBootTime":333.8935619999829,"buildColdBootTime":352.16894199999905,"minifiedBundleSize":1298,"gzippedBundleSize":912,"coldInstallTime":10275.098001000006,"hotInstallTime":273.1555680000165,"dependenciesCount":144,"installSize":132736197},"26998af":{"time":1700054141000,"devColdBootTime":219.38274935881296,"buildColdBootTime":203.95508134365082,"minifiedBundleSize":1226,"gzippedBundleSize":855,"coldInstallTime":7660.991095900536,"hotInstallTime":259.4598220586777,"dependenciesCount":108,"installSize":131487314},"f2e153f":{"time":1700223623000,"devColdBootTime":219.8849903320273,"buildColdBootTime":205.4323610017697,"minifiedBundleSize":1226,"gzippedBundleSize":855,"coldInstallTime":5150.530171997845,"hotInstallTime":263.979562997818,"dependenciesCount":108,"installSize":131467837}}
