{"85134ea":{"time":1699953471000,"devColdBootTime":353.5913976666634,"buildColdBootTime":346.91488433332415,"minifiedBundleSize":18416,"gzippedBundleSize":7395,"coldInstallTime":10865.978705000016,"hotInstallTime":276.8362999999663,"dependenciesCount":150,"installSize":135605777},"26998af":{"time":1700054141000,"devColdBootTime":224.95746835072836,"buildColdBootTime":218.5750610033671,"minifiedBundleSize":18344,"gzippedBundleSize":7337,"coldInstallTime":10946.41152894497,"hotInstallTime":259.11552906036377,"dependenciesCount":114,"installSize":134356894},"f2e153f":{"time":1700223623000,"devColdBootTime":228.1203300009171,"buildColdBootTime":218.97679866602024,"minifiedBundleSize":18344,"gzippedBundleSize":7337,"coldInstallTime":11243.758676998317,"hotInstallTime":257.96754099428654,"dependenciesCount":114,"installSize":134358452}}
