{"85134ea":{"time":1699953471000,"devColdBootTime":480.7875530000213,"buildColdBootTime":504.88054433333065,"minifiedBundleSize":74256,"gzippedBundleSize":26978,"coldInstallTime":14059.47983300002,"hotInstallTime":311.7714269999997,"dependenciesCount":236,"installSize":163645948}}
