{"f7974aa":{"time":1700748308000,"devColdBootTime":4952.5430163145065,"buildColdBootTime":6792.449322342873,"minifiedBundleSize":6768223,"gzippedBundleSize":1644147,"coldInstallTime":65630.68561804295,"hotInstallTime":430.500186085701,"dependenciesCount":730,"installSize":325487995},"0936fbe":{"time":1700836381000,"devColdBootTime":4847.208202679952,"buildColdBootTime":6741.647258957227,"minifiedBundleSize":6769010,"gzippedBundleSize":1644435,"coldInstallTime":68967.56295990944,"hotInstallTime":432.71380496025085,"dependenciesCount":730,"installSize":325493841}}
