{"85134ea":{"time":1699953471000,"devColdBootTime":480.7875530000213,"buildColdBootTime":504.88054433333065,"minifiedBundleSize":74256,"gzippedBundleSize":26978,"coldInstallTime":14059.47983300002,"hotInstallTime":311.7714269999997,"dependenciesCount":236,"installSize":163645948},"26998af":{"time":1700054141000,"devColdBootTime":335.465479016304,"buildColdBootTime":381.71127637227374,"minifiedBundleSize":74184,"gzippedBundleSize":26919,"coldInstallTime":21906.037581920624,"hotInstallTime":282.2219339609146,"dependenciesCount":203,"installSize":162978291}}
