{"57c6341":{"time":1731318635000,"beforeDevTime":449.8120524088542,"devColdBootTime":1210.0586738586426,"beforeBuildTime":469.6460609436035,"buildColdBootTime":1108.4567896525066,"minifiedBundleSize":2890930,"gzippedBundleSize":662982,"coldInstallTime":34738.28486251831,"hotInstallTime":241.79345703125,"dependenciesCount":41,"installSize":98386214}}
