{"9963780":{"time":1732442593000,"beforeDevTime":435.09824498494464,"devColdBootTime":1214.3850593566895,"beforeBuildTime":469.0453796386719,"buildColdBootTime":1095.7213617960613,"minifiedBundleSize":2891013,"gzippedBundleSize":663017,"coldInstallTime":36448.81075286865,"hotInstallTime":240.30921173095703,"dependenciesCount":40,"installSize":98589583},"57c6341":{"time":1731318635000,"beforeDevTime":449.8120524088542,"devColdBootTime":1210.0586738586426,"beforeBuildTime":469.6460609436035,"buildColdBootTime":1108.4567896525066,"minifiedBundleSize":2890930,"gzippedBundleSize":662982,"coldInstallTime":34738.28486251831,"hotInstallTime":241.79345703125,"dependenciesCount":41,"installSize":98386214},"56d745a":{"time":1731420102000,"beforeDevTime":443.73414357503253,"devColdBootTime":1209.0504837036133,"beforeBuildTime":467.00242869059247,"buildColdBootTime":1087.9728406270344,"minifiedBundleSize":2891013,"gzippedBundleSize":663017,"coldInstallTime":34862.48731994629,"hotInstallTime":244.9056510925293,"dependenciesCount":41,"installSize":98762984},"d9bc19d":{"time":1731508031000,"beforeDevTime":439.6903381347656,"devColdBootTime":1200.0546315511067,"beforeBuildTime":467.88392384847003,"buildColdBootTime":1098.0582097371419,"minifiedBundleSize":2891013,"gzippedBundleSize":663017,"coldInstallTime":36331.77856826782,"hotInstallTime":244.35674285888672,"dependenciesCount":41,"installSize":98881044},"cbd597b":{"time":1731596891000,"beforeDevTime":439.08330663045246,"devColdBootTime":1211.129559834798,"beforeBuildTime":465.99613698323566,"buildColdBootTime":1089.6153958638508,"minifiedBundleSize":2891013,"gzippedBundleSize":663017,"coldInstallTime":34637.822425842285,"hotInstallTime":241.30708694458008,"dependenciesCount":40,"installSize":98631253},"87716db":{"time":1731679348000,"beforeDevTime":441.0973129272461,"devColdBootTime":1199.8362083435059,"beforeBuildTime":463.9448585510254,"buildColdBootTime":1087.2172889709473,"minifiedBundleSize":2891013,"gzippedBundleSize":663017,"coldInstallTime":33225.822357177734,"hotInstallTime":238.38750839233398,"dependenciesCount":40,"installSize":98631253},"dc9e4f7":{"time":1731756753000,"beforeDevTime":438.5923322041829,"devColdBootTime":1211.1091918945312,"beforeBuildTime":464.9021504720052,"buildColdBootTime":1098.2950375874836,"minifiedBundleSize":2891013,"gzippedBundleSize":663017,"coldInstallTime":33340.334659576416,"hotInstallTime":246.66753387451172,"dependenciesCount":40,"installSize":98631253},"0735aed":{"time":1731842000000,"beforeDevTime":436.9896062215169,"devColdBootTime":1201.123483022054,"beforeBuildTime":464.49001439412433,"buildColdBootTime":1108.799524943034,"minifiedBundleSize":2891013,"gzippedBundleSize":663017,"coldInstallTime":35533.87261199951,"hotInstallTime":241.32497024536133,"dependenciesCount":40,"installSize":98635349},"4abc5f1":{"time":1731907855000,"beforeDevTime":440.5439872741699,"devColdBootTime":1220.621696472168,"beforeBuildTime":465.11237208048504,"buildColdBootTime":1111.1565284729004,"minifiedBundleSize":2890930,"gzippedBundleSize":662982,"coldInstallTime":34682.73859786987,"hotInstallTime":242.33544158935547,"dependenciesCount":40,"installSize":98256544},"8594f32":{"time":1732021147000,"beforeDevTime":436.41393661499023,"devColdBootTime":1206.2823015848796,"beforeBuildTime":462.24095153808594,"buildColdBootTime":1095.926663716634,"minifiedBundleSize":2890930,"gzippedBundleSize":662982,"coldInstallTime":23867.274131774902,"hotInstallTime":241.85273361206055,"dependenciesCount":40,"installSize":98252448},"327f460":{"time":1732103569000,"beforeDevTime":438.18694432576496,"devColdBootTime":1223.9407819112141,"beforeBuildTime":463.77796300252277,"buildColdBootTime":1100.3150444030762,"minifiedBundleSize":2891013,"gzippedBundleSize":663018,"coldInstallTime":33872.57668685913,"hotInstallTime":242.51466369628906,"dependenciesCount":40,"installSize":98808934},"e8566de":{"time":1732240570000,"beforeDevTime":438.99051030476886,"devColdBootTime":1216.0836753845215,"beforeBuildTime":462.82493845621747,"buildColdBootTime":1097.4477564493816,"minifiedBundleSize":2891013,"gzippedBundleSize":663017,"coldInstallTime":36887.73246765137,"hotInstallTime":241.2405662536621,"dependenciesCount":40,"installSize":98589571},"e3350e3":{"time":1732281726000,"beforeDevTime":436.03757095336914,"devColdBootTime":1219.0159530639648,"beforeBuildTime":465.83542505900067,"buildColdBootTime":1097.2309684753418,"minifiedBundleSize":2891013,"gzippedBundleSize":663017,"coldInstallTime":23522.127098083496,"hotInstallTime":242.8094482421875,"dependenciesCount":40,"installSize":98589571},"6364b5e":{"time":1732361814000,"beforeDevTime":440.28101857503253,"devColdBootTime":1213.6788037618,"beforeBuildTime":463.7764485677083,"buildColdBootTime":1095.6538060506184,"minifiedBundleSize":2891013,"gzippedBundleSize":663017,"coldInstallTime":36223.59362792969,"hotInstallTime":241.37628936767578,"dependenciesCount":40,"installSize":98589571}}
