{"6d5203e":{"time":1713852699000,"devPluginSetupTime":31.37389874458313,"devPrepareTime":236.0941537221273,"beforeDevTime":884.8583456675211,"devColdBootTime":5561.728136618932,"devHotBootTime":5416.229215621948,"buildPluginSetupTime":25.540320714314777,"buildPrepareTime":235.2231163183848,"beforeBuildTime":1495.65824731191,"buildColdBootTime":9192.991239706675,"minifiedBundleSize":445169,"gzippedBundleSize":146785,"buildHotBootTime":9198.28215209643,"coldInstallTime":72788.92926716805,"hotInstallTime":413.70415902137756,"dependenciesCount":1144,"installSize":272371628}}
