{"c663b04":{"time":1699939532000,"routeGenerateTime":236.98068133334164,"devColdBootTime":3223.3935966666613,"initialJsSize":555036,"gzipInitialJsSize":166049,"buildColdBootTime":5799.713151999963,"minifiedBundleSize":6209279,"gzippedBundleSize":1324069,"coldInstallTime":31109.179096999986,"hotInstallTime":547.6145499999984,"dependenciesCount":1151,"installSize":323271745},"04d519b":{"time":1700041259000,"routeGenerateTime":229.0327843030294,"devColdBootTime":2183.3648613293967,"initialJsSize":555017,"gzipInitialJsSize":166037,"buildColdBootTime":2831.3728453715644,"minifiedBundleSize":6209260,"gzippedBundleSize":1324085,"coldInstallTime":55701.85766196251,"hotInstallTime":496.8245869874954,"dependenciesCount":1151,"installSize":323272293},"0b2045f":{"time":1700205129000,"routeGenerateTime":89.80039033293724,"devColdBootTime":2191.068181991577,"initialJsSize":566847,"gzipInitialJsSize":170353,"buildColdBootTime":2446.4604999919734,"minifiedBundleSize":5465546,"gzippedBundleSize":1025161,"coldInstallTime":58490.083066016436,"hotInstallTime":484.18683502078056,"dependenciesCount":1151,"installSize":323315259}}
