{"287d7ab":{"time":1745475055000,"beforeDevTime":661.9514366666666,"routeGenerateTime":8.514689999999973,"devColdBootTime":1746.4246216666663,"initialJsSize":522788,"gzipInitialJsSize":161066,"buildColdBootTime":1405.0835406666665,"beforeBuildTime":654.8857323333333,"minifiedBundleSize":1335213,"gzippedBundleSize":384800,"coldInstallTime":50752.42540499999,"hotInstallTime":269.92076599999564,"dependenciesCount":507,"installSize":208950485},"3f473c0":{"time":1745486526000,"beforeDevTime":651.9266106666666,"routeGenerateTime":8.553515999999982,"devColdBootTime":1687.022858333333,"initialJsSize":522788,"gzipInitialJsSize":161066,"buildColdBootTime":1407.9630533333336,"beforeBuildTime":657.7508213333334,"minifiedBundleSize":1335213,"gzippedBundleSize":384800,"coldInstallTime":42999.758359000014,"hotInstallTime":275.79190599999856,"dependenciesCount":507,"installSize":208963006}}
