{"287d7ab":{"time":1745475055000,"beforeDevTime":661.9514366666666,"routeGenerateTime":8.514689999999973,"devColdBootTime":1746.4246216666663,"initialJsSize":522788,"gzipInitialJsSize":161066,"buildColdBootTime":1405.0835406666665,"beforeBuildTime":654.8857323333333,"minifiedBundleSize":1335213,"gzippedBundleSize":384800,"coldInstallTime":50752.42540499999,"hotInstallTime":269.92076599999564,"dependenciesCount":507,"installSize":208950485},"3f473c0":{"time":1745486526000,"beforeDevTime":650.8811103333333,"routeGenerateTime":8.481381000000018,"devColdBootTime":1726.1658233333335,"initialJsSize":522788,"gzipInitialJsSize":161066,"buildColdBootTime":1432.1649506666665,"beforeBuildTime":643.9064549999999,"minifiedBundleSize":1335213,"gzippedBundleSize":384800,"coldInstallTime":41689.18780999999,"hotInstallTime":269.1356679999881,"dependenciesCount":507,"installSize":208963006},"7e6cb65":{"time":1745740695000,"beforeDevTime":643.8360956666667,"routeGenerateTime":8.607251333333314,"devColdBootTime":1773.7343693333335,"initialJsSize":522788,"gzipInitialJsSize":161066,"buildColdBootTime":1390.0874793333332,"beforeBuildTime":636.4609063333334,"minifiedBundleSize":1335213,"gzippedBundleSize":384800,"coldInstallTime":37654.58936500001,"hotInstallTime":280.64019999999437,"dependenciesCount":507,"installSize":208967102}}
