{"287d7ab":{"time":1745475055000,"beforeDevTime":661.9514366666666,"routeGenerateTime":8.514689999999973,"devColdBootTime":1746.4246216666663,"initialJsSize":522788,"gzipInitialJsSize":161066,"buildColdBootTime":1405.0835406666665,"beforeBuildTime":654.8857323333333,"minifiedBundleSize":1335213,"gzippedBundleSize":384800,"coldInstallTime":50752.42540499999,"hotInstallTime":269.92076599999564,"dependenciesCount":507,"installSize":208950485},"3f473c0":{"time":1745486526000,"beforeDevTime":655.0629503333333,"routeGenerateTime":8.595480333333322,"devColdBootTime":1741.541375,"initialJsSize":522788,"gzipInitialJsSize":161066,"buildColdBootTime":1406.7841536666667,"beforeBuildTime":651.651615,"minifiedBundleSize":1335213,"gzippedBundleSize":384800,"coldInstallTime":41600.448903,"hotInstallTime":276.01726999999664,"dependenciesCount":507,"installSize":208950485}}
