{"c663b04":{"time":1699939532000,"routeGenerateTime":232.88011433333546,"devColdBootTime":2453.5144380000033,"buildColdBootTime":3742.546432333358,"initialJsSize":554964,"gzipInitialJsSize":166014,"minifiedBundleSize":6203526,"gzippedBundleSize":1324075,"coldInstallTime":32007.77214299998,"hotInstallTime":553.2394990000175,"dependenciesCount":1151,"installSize":323267649}}
