{"8239618":{"time":1704353342000,"beforeDevTime":1094.0171511967976,"routeGenerateTime":51.929223696390785,"devColdBootTime":922.4424508412679,"initialJsSize":477911,"gzipInitialJsSize":155905,"buildColdBootTime":791.499973932902,"beforeBuildTime":1025.9663887023926,"minifiedBundleSize":540203,"gzippedBundleSize":172003,"coldInstallTime":57485.53433036804,"hotInstallTime":441.0598611831665,"dependenciesCount":764,"installSize":185940902},"c663b04":{"time":1699939532000,"routeGenerateTime":220.4360633333466,"devColdBootTime":1396.2873203333293,"initialJsSize":465491,"gzipInitialJsSize":151276,"buildColdBootTime":2230.598700666674,"minifiedBundleSize":539255,"gzippedBundleSize":171560,"coldInstallTime":27766.10308000003,"hotInstallTime":528.9454909999622,"dependenciesCount":1058,"installSize":289710555},"e32247b":{"time":1700106948000,"routeGenerateTime":218.17250899473825,"devColdBootTime":843.3371220429739,"initialJsSize":465660,"gzipInitialJsSize":151311,"buildColdBootTime":923.0689566930135,"minifiedBundleSize":539504,"gzippedBundleSize":171603,"coldInstallTime":33847.27776992321,"hotInstallTime":486.8843859434128,"dependenciesCount":1058,"installSize":289711208},"0b2045f":{"time":1700205129000,"routeGenerateTime":80.34791900714238,"devColdBootTime":848.7810840109984,"initialJsSize":473180,"gzipInitialJsSize":153996,"buildColdBootTime":630.1258696615696,"minifiedBundleSize":534989,"gzippedBundleSize":169878,"coldInstallTime":60545.96926501393,"hotInstallTime":482.60675701498985,"dependenciesCount":1058,"installSize":289743201},"39fe6b5":{"time":1700380641000,"routeGenerateTime":81.14697064956029,"devColdBootTime":852.9024013380209,"initialJsSize":473180,"gzipInitialJsSize":153996,"buildColdBootTime":624.0384130080541,"minifiedBundleSize":534989,"gzippedBundleSize":169878,"coldInstallTime":51664.18977898359,"hotInstallTime":478.0180649757385,"dependenciesCount":1058,"installSize":289750390},"97eaaec":{"time":1700473852000,"routeGenerateTime":81.26788534720738,"devColdBootTime":835.128165324529,"initialJsSize":473218,"gzipInitialJsSize":154002,"buildColdBootTime":631.1249136924744,"minifiedBundleSize":535027,"gzippedBundleSize":169882,"coldInstallTime":64437.41053003073,"hotInstallTime":2009.8885030150414,"dependenciesCount":898,"installSize":275512535},"8f62669":{"time":1700545972000,"routeGenerateTime":80.08386900027593,"devColdBootTime":842.4093479911486,"initialJsSize":473385,"gzipInitialJsSize":154093,"buildColdBootTime":634.5257000128428,"minifiedBundleSize":535194,"gzippedBundleSize":169973,"coldInstallTime":82656.12319600582,"hotInstallTime":460.7259290218353,"dependenciesCount":898,"installSize":275509789},"8fa6fc5":{"time":1700652291000,"routeGenerateTime":69.44344766934712,"devColdBootTime":840.9922166665395,"initialJsSize":473262,"gzipInitialJsSize":154050,"buildColdBootTime":626.5322530269623,"minifiedBundleSize":535071,"gzippedBundleSize":169931,"coldInstallTime":43957.366137981415,"hotInstallTime":632.9399280548096,"dependenciesCount":898,"installSize":275524871},"235fb26":{"time":1700727205000,"routeGenerateTime":61.007394989331566,"devColdBootTime":828.7916676998138,"initialJsSize":473262,"gzipInitialJsSize":154050,"buildColdBootTime":615.8375159899393,"minifiedBundleSize":535071,"gzippedBundleSize":169931,"coldInstallTime":40642.09743797779,"hotInstallTime":446.738028049469,"dependenciesCount":875,"installSize":262623990},"2b8f4fe":{"time":1700815103000,"routeGenerateTime":60.27468967437744,"devColdBootTime":869.9246903260549,"initialJsSize":473265,"gzipInitialJsSize":154050,"buildColdBootTime":606.7879399855932,"minifiedBundleSize":535074,"gzippedBundleSize":169933,"coldInstallTime":33184.479351997375,"hotInstallTime":449.132385969162,"dependenciesCount":875,"installSize":262671336},"3756fab":{"time":1701077955000,"routeGenerateTime":62.85422698656718,"devColdBootTime":843.3602746725082,"initialJsSize":473489,"gzipInitialJsSize":154104,"buildColdBootTime":629.2962543169657,"minifiedBundleSize":535298,"gzippedBundleSize":169986,"coldInstallTime":68219.06658697128,"hotInstallTime":472.05045998096466,"dependenciesCount":875,"installSize":262671995},"bfc0e80":{"time":1701168612000,"routeGenerateTime":62.732475996017456,"devColdBootTime":831.8133753538132,"initialJsSize":473462,"gzipInitialJsSize":154098,"buildColdBootTime":611.2399066289266,"minifiedBundleSize":535271,"gzippedBundleSize":169980,"coldInstallTime":33961.18586707115,"hotInstallTime":449.48096096515656,"dependenciesCount":875,"installSize":262659564},"59f1831":{"time":1701255464000,"routeGenerateTime":61.16130073865255,"devColdBootTime":805.3332460721334,"initialJsSize":473462,"gzipInitialJsSize":154098,"buildColdBootTime":597.3952440420786,"minifiedBundleSize":535271,"gzippedBundleSize":169980,"coldInstallTime":46108.55739283562,"hotInstallTime":452.6245119571686,"dependenciesCount":875,"installSize":262669925},"e4329b6":{"time":1701325265000,"routeGenerateTime":61.70245027542114,"devColdBootTime":836.147975285848,"initialJsSize":473462,"gzipInitialJsSize":154098,"buildColdBootTime":601.8347080548605,"minifiedBundleSize":535271,"gzippedBundleSize":169980,"coldInstallTime":57428.318517923355,"hotInstallTime":456.6120800971985,"dependenciesCount":875,"installSize":214926611},"8e6ee63":{"time":1701689552000,"routeGenerateTime":65.24790755907695,"devColdBootTime":1127.4577113787334,"initialJsSize":475406,"gzipInitialJsSize":154769,"buildColdBootTime":709.0355760256449,"minifiedBundleSize":537215,"gzippedBundleSize":170651,"coldInstallTime":50363.36455702782,"hotInstallTime":471.91422605514526,"dependenciesCount":874,"installSize":215331317},"21b2845":{"time":1701775619000,"routeGenerateTime":66.2054324944814,"devColdBootTime":1279.819167137146,"initialJsSize":475406,"gzipInitialJsSize":154769,"buildColdBootTime":800.4081766605377,"minifiedBundleSize":537197,"gzippedBundleSize":170645,"coldInstallTime":44479.101233005524,"hotInstallTime":446.4701180458069,"dependenciesCount":874,"installSize":215346278},"25b8bdc":{"time":1701848228000,"routeGenerateTime":68.40939243634541,"devColdBootTime":1253.8032334645588,"initialJsSize":475503,"gzipInitialJsSize":154800,"buildColdBootTime":721.3244180679321,"minifiedBundleSize":537294,"gzippedBundleSize":170676,"coldInstallTime":42874.78464412689,"hotInstallTime":454.2435998916626,"dependenciesCount":874,"installSize":215350900},"8c1e29c":{"time":1701950138000,"routeGenerateTime":55.65347695350647,"devColdBootTime":1212.6977779865265,"initialJsSize":475290,"gzipInitialJsSize":154893,"buildColdBootTime":866.0331086317698,"minifiedBundleSize":537177,"gzippedBundleSize":170874,"coldInstallTime":40589.02928805351,"hotInstallTime":435.21151185035706,"dependenciesCount":809,"installSize":206320036},"1bdb6c1":{"time":1702017941000,"routeGenerateTime":59.492910305658974,"devColdBootTime":1284.694939692815,"initialJsSize":475290,"gzipInitialJsSize":154893,"buildColdBootTime":980.2123426596323,"minifiedBundleSize":537177,"gzippedBundleSize":170874,"coldInstallTime":43804.84921002388,"hotInstallTime":433.8388559818268,"dependenciesCount":809,"installSize":206323524},"2fb628f":{"time":1702292164000,"routeGenerateTime":58.32562804222107,"devColdBootTime":1143.0949823061626,"initialJsSize":475322,"gzipInitialJsSize":154899,"buildColdBootTime":931.7470177014669,"minifiedBundleSize":537315,"gzippedBundleSize":170919,"coldInstallTime":31387.694916009903,"hotInstallTime":460.70053791999817,"dependenciesCount":809,"installSize":206335301},"bfe47e8":{"time":1702363758000,"routeGenerateTime":58.96146504084269,"devColdBootTime":1238.098870118459,"initialJsSize":475322,"gzipInitialJsSize":154903,"minifiedBundleSize":537315,"gzippedBundleSize":170928,"coldInstallTime":43622.70416164398,"hotInstallTime":463.96107292175293,"dependenciesCount":809,"installSize":206339576},"50b84b7":{"time":1702482402000,"routeGenerateTime":50.60735400517782,"devColdBootTime":809.1875621477762,"initialJsSize":476809,"gzipInitialJsSize":155499,"minifiedBundleSize":539058,