{"c663b04":{"time":1699939532000,"routeGenerateTime":236.98068133334164,"devColdBootTime":3223.3935966666613,"initialJsSize":555036,"gzipInitialJsSize":166049,"buildColdBootTime":5799.713151999963,"minifiedBundleSize":6209279,"gzippedBundleSize":1324069,"coldInstallTime":31109.179096999986,"hotInstallTime":547.6145499999984,"dependenciesCount":1151,"installSize":323271745},"04d519b":{"time":1700041259000,"routeGenerateTime":229.0327843030294,"devColdBootTime":2183.3648613293967,"initialJsSize":555017,"gzipInitialJsSize":166037,"buildColdBootTime":2831.3728453715644,"minifiedBundleSize":6209260,"gzippedBundleSize":1324085,"coldInstallTime":55701.85766196251,"hotInstallTime":496.8245869874954,"dependenciesCount":1151,"installSize":323272293},"0b2045f":{"time":1700205129000,"routeGenerateTime":89.80039033293724,"devColdBootTime":2191.068181991577,"initialJsSize":566847,"gzipInitialJsSize":170353,"buildColdBootTime":2446.4604999919734,"minifiedBundleSize":5465546,"gzippedBundleSize":1025161,"coldInstallTime":58490.083066016436,"hotInstallTime":484.18683502078056,"dependenciesCount":1151,"installSize":323315259},"39fe6b5":{"time":1700380641000,"routeGenerateTime":88.14541000127792,"devColdBootTime":2270.3736463288465,"initialJsSize":566847,"gzipInitialJsSize":170353,"buildColdBootTime":2437.800289660692,"minifiedBundleSize":5465546,"gzippedBundleSize":1025161,"coldInstallTime":45571.99286198616,"hotInstallTime":492.0370169878006,"dependenciesCount":1150,"installSize":323164093},"97eaaec":{"time":1700473852000,"routeGenerateTime":89.0102819999059,"devColdBootTime":2292.395421346029,"initialJsSize":566885,"gzipInitialJsSize":170358,"buildColdBootTime":2355.0897103349366,"minifiedBundleSize":5465584,"gzippedBundleSize":1025160,"coldInstallTime":39940.49005794525,"hotInstallTime":477.9521719813347,"dependenciesCount":994,"installSize":302266349},"8f62669":{"time":1700545972000,"routeGenerateTime":89.53911799192429,"devColdBootTime":2172.674123326937,"initialJsSize":567052,"gzipInitialJsSize":170453,"buildColdBootTime":2366.1864840189614,"minifiedBundleSize":5429369,"gzippedBundleSize":1024554,"coldInstallTime":64470.25447303057,"hotInstallTime":479.8124929666519,"dependenciesCount":994,"installSize":302270751},"8fa6fc5":{"time":1700652291000,"routeGenerateTime":77.89888201157252,"devColdBootTime":2202.5349213083587,"initialJsSize":566923,"gzipInitialJsSize":170409,"buildColdBootTime":2360.8469713131585,"minifiedBundleSize":5429092,"gzippedBundleSize":1024533,"coldInstallTime":35436.30224096775,"hotInstallTime":470.2242339849472,"dependenciesCount":994,"installSize":302287522},"235fb26":{"time":1700727205000,"routeGenerateTime":68.27999031543732,"devColdBootTime":2134.09115533034,"initialJsSize":566923,"gzipInitialJsSize":170409,"buildColdBootTime":2371.385997335116,"minifiedBundleSize":5429092,"gzippedBundleSize":1024533,"coldInstallTime":37546.24520504475,"hotInstallTime":510.6292930841446,"dependenciesCount":971,"installSize":293411428},"2b8f4fe":{"time":1700815103000,"routeGenerateTime":70.83655834197998,"devColdBootTime":2184.9574073155723,"initialJsSize":566926,"gzipInitialJsSize":170410,"buildColdBootTime":2367.8282240231833,"minifiedBundleSize":5429095,"gzippedBundleSize":1024550,"coldInstallTime":45885.52020907402,"hotInstallTime":578.5743119716644,"dependenciesCount":971,"installSize":293418818}}
