{"c663b04":{"time":1699939532000,"routeGenerateTime":232.88011433333546,"devColdBootTime":2453.5144380000033,"buildColdBootTime":3742.546432333358,"initialJsSize":554964,"gzipInitialJsSize":166014,"minifiedBundleSize":6203526,"gzippedBundleSize":1324075,"coldInstallTime":32007.77214299998,"hotInstallTime":553.2394990000175,"dependenciesCount":1151,"installSize":323267649},"04d519b":{"time":1700041259000,"routeGenerateTime":225.0644233226776,"devColdBootTime":1511.7617113192875,"initialJsSize":554945,"gzipInitialJsSize":166002,"buildColdBootTime":1734.8724976380665,"minifiedBundleSize":6203507,"gzippedBundleSize":1324096,"coldInstallTime":51271.45466899872,"hotInstallTime":510.4564859867096,"dependenciesCount":1151,"installSize":323276389},"0b2045f":{"time":1700205129000,"routeGenerateTime":90.15662866830826,"devColdBootTime":1535.486091333131,"initialJsSize":566763,"gzipInitialJsSize":170320,"buildColdBootTime":1326.4781810020406,"minifiedBundleSize":5461557,"gzippedBundleSize":1024691,"coldInstallTime":55833.09868500382,"hotInstallTime":511.93909399956465,"dependenciesCount":1151,"installSize":323311216},"39fe6b5":{"time":1700380641000,"routeGenerateTime":88.18080499768257,"devColdBootTime":1557.4856626689434,"initialJsSize":566763,"gzipInitialJsSize":170320,"buildColdBootTime":1345.8074046572049,"minifiedBundleSize":5461557,"gzippedBundleSize":1024691,"coldInstallTime":48339.062228024006,"hotInstallTime":483.47135001420975,"dependenciesCount":1150,"installSize":323164093},"97eaaec":{"time":1700473852000,"routeGenerateTime":86.8118776679039,"devColdBootTime":1571.0329833428066,"initialJsSize":566801,"gzipInitialJsSize":170327,"buildColdBootTime":1348.1277006467183,"minifiedBundleSize":5461595,"gzippedBundleSize":1024752,"coldInstallTime":54760.31769800186,"hotInstallTime":472.7504869699478,"dependenciesCount":994,"installSize":302266349},"8f62669":{"time":1700545972000,"routeGenerateTime":89.5545163154602,"devColdBootTime":1581.4400176803272,"initialJsSize":566968,"gzipInitialJsSize":170420,"buildColdBootTime":1311.7163090109825,"minifiedBundleSize":5425380,"gzippedBundleSize":1024180,"coldInstallTime":54146.9779330492,"hotInstallTime":502.7828869819641,"dependenciesCount":994,"installSize":302270751},"8fa6fc5":{"time":1700652291000,"routeGenerateTime":74.53262732426326,"devColdBootTime":1589.2272913257282,"initialJsSize":566839,"gzipInitialJsSize":170373,"buildColdBootTime":1317.193977336089,"minifiedBundleSize":5425103,"gzippedBundleSize":1024075,"coldInstallTime":45620.75705999136,"hotInstallTime":483.75779497623444,"dependenciesCount":994,"installSize":302283426},"235fb26":{"time":1700727205000,"routeGenerateTime":71.538121342659,"devColdBootTime":1577.698786020279,"initialJsSize":566839,"gzipInitialJsSize":170373,"buildColdBootTime":1304.3545236587524,"minifiedBundleSize":5425103,"gzippedBundleSize":1024075,"coldInstallTime":50284.16534602642,"hotInstallTime":553.7729179859161,"dependenciesCount":971,"installSize":293411428},"2b8f4fe":{"time":1700815103000,"routeGenerateTime":71.4199253320694,"devColdBootTime":1559.2069076697032,"initialJsSize":566842,"gzipInitialJsSize":170374,"buildColdBootTime":1257.9264530738194,"minifiedBundleSize":5425106,"gzippedBundleSize":1024076,"coldInstallTime":45479.59628593922,"hotInstallTime":466.0221940279007,"dependenciesCount":971,"installSize":293422914},"3756fab":{"time":1701077955000,"routeGenerateTime":69.42217361927032,"devColdBootTime":1590.8951859871547,"initialJsSize":566973,"gzipInitialJsSize":170385,"buildColdBootTime":1314.9849456151326,"minifiedBundleSize":5425237,"gzippedBundleSize":1024127,"coldInstallTime":45282.48195397854,"hotInstallTime":496.8870669603348,"dependenciesCount":971,"installSize":293415381},"bfc0e80":{"time":1701168612000,"routeGenerateTime":72.26789232095082,"devColdBootTime":1615.6918429931004,"initialJsSize":566946,"gzipInitialJsSize":170377,"buildColdBootTime":1293.8462913433711,"minifiedBundleSize":5419110,"gzippedBundleSize":1023433,"coldInstallTime":32761.48432302475,"hotInstallTime":497.1957139968872,"dependenciesCount":971,"installSize":293411142},"59f1831":{"time":1701255464000,"routeGenerateTime":68.87725806236267,"devColdBootTime":1542.723865667979,"initialJsSize":566946,"gzipInitialJsSize":170377,"buildColdBootTime":1363.8220489819844,"minifiedBundleSize":5419110,"gzippedBundleSize":1023433,"coldInstallTime":38498.880589962006,"hotInstallTime":466.3847839832306,"dependenciesCount":971,"installSize":293413557},"e4329b6":{"time":1701325265000,"routeGenerateTime":72.10685269037883,"devColdBootTime":1603.424823999405,"initialJsSize":566946,"gzipInitialJsSize":170377,"buildColdBootTime":1301.8308266798656,"minifiedBundleSize":5419116,"gzippedBundleSize":1023506,"coldInstallTime":53521.578150987625,"hotInstallTime":467.81314992904663,"dependenciesCount":971,"installSize":245674339},"8e6ee63":{"time":1701689552000,"routeGenerateTime":68.8516366481781,"devColdBootTime":1515.86093266805,"initialJsSize":568899,"gzipInitialJsSize":171047,"buildColdBootTime":1243.4969874223073,"minifiedBundleSize":5421105,"gzippedBundleSize":1024191,"coldInstallTime":49299.29226613045,"hotInstallTime":485.00316095352173,"dependenciesCount":970,"installSize":246067219},"21b2845":{"time":1701775619000,"routeGenerateTime":71.59329064687093,"devColdBootTime":1495.1514902909596,"initialJsSize":568899,"gzipInitialJsSize":171047,"buildColdBootTime":1238.1845290660858,"minifiedBundleSize":5421087,"gzippedBundleSize":1024237,"coldInstallTime":43452.19057679176,"hotInstallTime":476.8096570968628,"dependenciesCount":970,"installSize":246086276},"25b8bdc":{"time":1701848228000,"routeGenerateTime":70.2035387357076,"devColdBootTime":1534.8811770280201,"initialJsSize":568996,"gzipInitialJsSize":171083,"buildColdBootTime":1251.6532973448436,"minifiedBundleSize":5421184,"gzippedBundleSize":1024205,"coldInstallTime":55165.35318899155,"hotInstallTime":496.6604001522064,"dependenciesCount":970,"installSize":246090547},"8c1e29c":{"time":1701950138000,"routeGenerateTime":60.85275101661682,"devColdBootTime":1651.2682715257008,"initialJsSize":573562,"gzipInitialJsSize":173061,"buildColdBootTime":1425.9059467315674,"minifiedBundleSize":5428960,"gzippedBundleSize":1029680,"coldInstallTime":48519.206007003784,"hotInstallTime":460.228688955307,"dependenciesCount":910,"installSize":237224128},"1bdb6c1":{"time":1702017941000,"routeGenerateTime":59.11118030548096,"devColdBootTime":1697.3530139923096,"initialJsSize":573562,"gzipInitialJsSize":173061,"buildColdBootTime":1394.6549496650696,"minifiedBundleSize":5428960,"gzippedBundleSize":1029680,"coldInstallTime":49310.95359802246,"hotInstallTime":489.8101899623871,"dependenciesCount":910,"installSize":237229915},"2fb628f":{"time":1702292164000,"routeGenerateTime":58.36206769943237,"devColdBootTime":1631.7176859378815,"initialJsSize":573594,"gzipInitialJsSize":173067,"buildColdBootTime":1418.1789600054424,"minifiedBundleSize":5430250,"gzippedBundleSize":1030131,"coldInstallTime":44519.168359041214,"hotInstallTime":458.17538595199585,"dependenciesCount":910,"installSize":237249884},"bfe47e8":{"time":1702363758000,"routeGenerateTime":61.050639152526855,"devColdBootTime":1495.2655506134033,"initialJsSize":573594,"gzipInitialJsSize":173072,"minifiedBundleSize":5430208,"gzippedBundleSize":1030259,"coldInstallTime":57032.5351190567,"hotInstallTime":492.20440006256104,"dependenciesCount":910,"installSize":237250063},"50b84b7":{"time":1702482402000,"routeGenerateTime":61.67157427469889,"devColdBootTime":1554.289048353831,"initialJsSize":575081,"gzipInitialJsSize":173674,"minifiedBundleSize":5431951,"gzippedBundleSize":1030849,"coldInstallTime":63706.111505031586,"hotInstallTime":454.3808751106262,"dependenciesCount":910,"installSize":237256114}}
