{"c663b04":{"time":1699939532000,"routeGenerateTime":220.4360633333466,"devColdBootTime":1396.2873203333293,"initialJsSize":465491,"gzipInitialJsSize":151276,"buildColdBootTime":2230.598700666674,"minifiedBundleSize":539255,"gzippedBundleSize":171560,"coldInstallTime":27766.10308000003,"hotInstallTime":528.9454909999622,"dependenciesCount":1058,"installSize":289710555},"e32247b":{"time":1700106948000,"routeGenerateTime":218.17250899473825,"devColdBootTime":843.3371220429739,"initialJsSize":465660,"gzipInitialJsSize":151311,"buildColdBootTime":923.0689566930135,"minifiedBundleSize":539504,"gzippedBundleSize":171603,"coldInstallTime":33847.27776992321,"hotInstallTime":486.8843859434128,"dependenciesCount":1058,"installSize":289711208}}
