{"287d7ab":{"time":1745475055000,"beforeDevTime":661.9514366666666,"routeGenerateTime":8.514689999999973,"devColdBootTime":1746.4246216666663,"initialJsSize":522788,"gzipInitialJsSize":161066,"buildColdBootTime":1405.0835406666665,"beforeBuildTime":654.8857323333333,"minifiedBundleSize":1335213,"gzippedBundleSize":384800,"coldInstallTime":50752.42540499999,"hotInstallTime":269.92076599999564,"dependenciesCount":507,"installSize":208950485},"3f473c0":{"time":1745486526000,"beforeDevTime":650.8811103333333,"routeGenerateTime":8.481381000000018,"devColdBootTime":1726.1658233333335,"initialJsSize":522788,"gzipInitialJsSize":161066,"buildColdBootTime":1432.1649506666665,"beforeBuildTime":643.9064549999999,"minifiedBundleSize":1335213,"gzippedBundleSize":384800,"coldInstallTime":41689.18780999999,"hotInstallTime":269.1356679999881,"dependenciesCount":507,"installSize":208963006},"7e6cb65":{"time":1745740695000,"beforeDevTime":643.8360956666667,"routeGenerateTime":8.607251333333314,"devColdBootTime":1773.7343693333335,"initialJsSize":522788,"gzipInitialJsSize":161066,"buildColdBootTime":1390.0874793333332,"beforeBuildTime":636.4609063333334,"minifiedBundleSize":1335213,"gzippedBundleSize":384800,"coldInstallTime":37654.58936500001,"hotInstallTime":280.64019999999437,"dependenciesCount":507,"installSize":208967102},"415cefc":{"time":1745812695000,"beforeDevTime":650.0993523333333,"routeGenerateTime":8.476390666666703,"devColdBootTime":1710.0357026666668,"initialJsSize":522788,"gzipInitialJsSize":161070,"buildColdBootTime":1401.207902666667,"beforeBuildTime":644.0032076666666,"minifiedBundleSize":1335213,"gzippedBundleSize":384809,"coldInstallTime":40570.913397,"hotInstallTime":274.5326430000132,"dependenciesCount":507,"installSize":208963006},"9b77081":{"time":1745934852000,"beforeDevTime":653.7395523333333,"routeGenerateTime":8.514281333333352,"devColdBootTime":1525.121241,"initialJsSize":522785,"gzipInitialJsSize":160971,"buildColdBootTime":1222.1138633333333,"beforeBuildTime":654.7230519999999,"minifiedBundleSize":1343957,"gzippedBundleSize":386222,"coldInstallTime":49457.638471,"hotInstallTime":274.49343000000226,"dependenciesCount":507,"installSize":208963006},"2e373eb":{"time":1746012547000,"beforeDevTime":661.2642606666667,"routeGenerateTime":8.53987566666664,"devColdBootTime":1580.0479696666669,"initialJsSize":524219,"gzipInitialJsSize":161376,"buildColdBootTime":1214.918066,"beforeBuildTime":644.3059466666667,"minifiedBundleSize":1345391,"gzippedBundleSize":386627,"coldInstallTime":41166.06638300001,"hotInstallTime":269.8495120000007,"dependenciesCount":506,"installSize":209556365},"b907b4b":{"time":1746530923000,"beforeDevTime":644.442673,"routeGenerateTime":8.491777666666659,"devColdBootTime":1558.7165613333334,"initialJsSize":525575,"gzipInitialJsSize":162419,"buildColdBootTime":1249.6247886666667,"beforeBuildTime":655.2397076666666,"minifiedBundleSize":1346747,"gzippedBundleSize":387690,"coldInstallTime":40395.070267999996,"hotInstallTime":272.78041099999973,"dependenciesCount":506,"installSize":209585924},"a75ca43":{"time":1746616997000,"beforeDevTime":653.730764,"routeGenerateTime":8.587053000000006,"devColdBootTime":501.022938,"initialJsSize":525697,"gzipInitialJsSize":162472,"buildColdBootTime":1241.575811,"beforeBuildTime":651.3595576666667,"minifiedBundleSize":1346869,"gzippedBundleSize":387744,"coldInstallTime":49817.72910499999,"hotInstallTime":270.0641990000004,"dependenciesCount":503,"installSize":210151134},"8c9afd1":{"time":1746720039000,"beforeDevTime":671.6238313333333,"routeGenerateTime":8.545192666666708,"devColdBootTime":487.62127766666663,"initialJsSize":455047,"gzipInitialJsSize":138970,"buildColdBootTime":3415.068402666667,"beforeBuildTime":659.327078,"minifiedBundleSize":2503454,"gzippedBundleSize":394356,"coldInstallTime":48045.36005300001,"hotInstallTime":269.4108290000004,"dependenciesCount":524,"installSize":223273190},"9a84258":{"time":1746779339000,"beforeDevTime":657.5772893333333,"routeGenerateTime":8.50689600000002,"devColdBootTime":490.44355866666666,"initialJsSize":455048,"gzipInitialJsSize":138971,"buildColdBootTime":3429.963310333333,"beforeBuildTime":658.986732,"minifiedBundleSize":2503457,"gzippedBundleSize":394357,"coldInstallTime":50094.267421,"hotInstallTime":267.7419640000153,"dependenciesCount":524,"installSize":223328751},"12b40f7":{"time":1747051812000,"beforeDevTime":661.7941666666666,"routeGenerateTime":8.526517999999973,"devColdBootTime":497.787082,"initialJsSize":455048,"gzipInitialJsSize":138971,"buildColdBootTime":7436.85068,"beforeBuildTime":655.1179546666667,"minifiedBundleSize":2503457,"gzippedBundleSize":394357,"coldInstallTime":54999.913266,"hotInstallTime":264.97930099998484,"dependenciesCount":524,"installSize":223380058},"0c3285e":{"time":1747139690000,"beforeDevTime":653.720808,"routeGenerateTime":8.510122666666652,"devColdBootTime":498.3869913333333,"initialJsSize":455255,"gzipInitialJsSize":139017.33333333334,"buildColdBootTime":3391.382229666667,"beforeBuildTime":639.728353,"minifiedBundleSize":2498713.3333333335,"gzippedBundleSize":394283.3333333333,"coldInstallTime":43802.32190299999,"hotInstallTime":263.9983849999844,"dependenciesCount":524,"installSize":223412254},"ea2e1f7":{"time":1747224055000,"beforeDevTime":650.7323446666666,"routeGenerateTime":8.529346666666697,"devColdBootTime":494.122449,"initialJsSize":455317,"gzipInitialJsSize":139033.33333333334,"buildColdBootTime":3266.5626513333336,"beforeBuildTime":655.4244816666667,"minifiedBundleSize":2497239.3333333335,"gzippedBundleSize":394298.3333333333,"coldInstallTime":49778.509069999986,"hotInstallTime":274.44696199998725,"dependenciesCount":524,"installSize":223415238},"1319e23":{"time":1747312417000,"beforeDevTime":664.5261963333334,"routeGenerateTime":8.582878000000013,"devColdBootTime":510.90738833333336,"initialJsSize":455317,"gzipInitialJsSize":139033.66666666666,"buildColdBootTime":3369.0885576666665,"beforeBuildTime":664.474654,"minifiedBundleSize":2497239.3333333335,"gzippedBundleSize":394299,"coldInstallTime":44742.63056100001,"hotInstallTime":273.899986000004,"dependenciesCount":524,"installSize":223415238},"d74db4f":{"time":1747400618000,"beforeDevTime":655.5392803333333,"routeGenerateTime":8.61957633333327,"devColdBootTime":519.7402296666667,"initialJsSize":455250,"gzipInitialJsSize":139005,"buildColdBootTime":3386.791742,"beforeBuildTime":639.6847286666667,"minifiedBundleSize":2496975.6666666665,"gzippedBundleSize":394102.3333333333,"coldInstallTime":38501.562707000005,"hotInstallTime":270.4026009999943,"dependenciesCount":498,"installSize":215112898},"ec3b52c":{"time":1747639397000,"beforeDevTime":645.5573539999999,"routeGenerateTime":8.487792333333308,"devColdBootTime":490.6860556666666,"initialJsSize":455250,"gzipInitialJsSize":139013,"buildColdBootTime":3307.926582,"beforeBuildTime":652.3222586666666,"minifiedBundleSize":2499998,"gzippedBundleSize":394153,"coldInstallTime":41332.012568000006,"hotInstallTime":273.4988119999907,"dependenciesCount":498,"installSize":215112898},"7708dd6":{"time":1747754009000,"beforeDevTime":635.9755513333333,"routeGenerateTime":8.491783666666644,"devColdBootTime":487.32443166666667,"initialJsSize":455250,"gzipInitialJsSize":139010,"buildColdBootTime":3301.6819333333333,"beforeBuildTime":644.1210836666666,"minifiedBundleSize":2498658,"gzippedBundleSize":394133,"coldInstallTime":39900.037516,"hotInstallTime":277.75037500000326,"dependenciesCount":498,"installSize":215354423},"1327c6f":{"time":1747825857000,"beforeDevTime":651.472042,"routeGenerateTime":8.49142066666669,"devColdBootTime":512.7373673333333,"initialJsSize":455264,"gzipInitialJsSize":139022,"buildColdBootTime":3376.8171666666663,"beforeBuildTime":644.1636560000001,"minifiedBundleSize":2500012,"gzippedBundleSize":394164,"coldInstallTime":43076.49162199999,"hotInstallTime":274.04999299999326,"dependenciesCount":498,"installSize":215353660},"de9f40d":{"time":1747900530000,"beforeDevTime":660.1134116666666,