{"c663b04":{"time":1699939532000,"routeGenerateTime":236.98068133334164,"devColdBootTime":3223.3935966666613,"initialJsSize":555036,"gzipInitialJsSize":166049,"buildColdBootTime":5799.713151999963,"minifiedBundleSize":6209279,"gzippedBundleSize":1324069,"coldInstallTime":31109.179096999986,"hotInstallTime":547.6145499999984,"dependenciesCount":1151,"installSize":323271745},"04d519b":{"time":1700041259000,"routeGenerateTime":229.0327843030294,"devColdBootTime":2183.3648613293967,"initialJsSize":555017,"gzipInitialJsSize":166037,"buildColdBootTime":2831.3728453715644,"minifiedBundleSize":6209260,"gzippedBundleSize":1324085,"coldInstallTime":55701.85766196251,"hotInstallTime":496.8245869874954,"dependenciesCount":1151,"installSize":323272293},"0b2045f":{"time":1700205129000,"routeGenerateTime":89.80039033293724,"devColdBootTime":2191.068181991577,"initialJsSize":566847,"gzipInitialJsSize":170353,"buildColdBootTime":2446.4604999919734,"minifiedBundleSize":5465546,"gzippedBundleSize":1025161,"coldInstallTime":58490.083066016436,"hotInstallTime":484.18683502078056,"dependenciesCount":1151,"installSize":323315259},"39fe6b5":{"time":1700380641000,"routeGenerateTime":88.14541000127792,"devColdBootTime":2270.3736463288465,"initialJsSize":566847,"gzipInitialJsSize":170353,"buildColdBootTime":2437.800289660692,"minifiedBundleSize":5465546,"gzippedBundleSize":1025161,"coldInstallTime":45571.99286198616,"hotInstallTime":492.0370169878006,"dependenciesCount":1150,"installSize":323164093},"97eaaec":{"time":1700473852000,"routeGenerateTime":89.0102819999059,"devColdBootTime":2292.395421346029,"initialJsSize":566885,"gzipInitialJsSize":170358,"buildColdBootTime":2355.0897103349366,"minifiedBundleSize":5465584,"gzippedBundleSize":1025160,"coldInstallTime":39940.49005794525,"hotInstallTime":477.9521719813347,"dependenciesCount":994,"installSize":302266349},"8f62669":{"time":1700545972000,"routeGenerateTime":89.53911799192429,"devColdBootTime":2172.674123326937,"initialJsSize":567052,"gzipInitialJsSize":170453,"buildColdBootTime":2366.1864840189614,"minifiedBundleSize":5429369,"gzippedBundleSize":1024554,"coldInstallTime":64470.25447303057,"hotInstallTime":479.8124929666519,"dependenciesCount":994,"installSize":302270751},"8fa6fc5":{"time":1700652291000,"routeGenerateTime":77.89888201157252,"devColdBootTime":2202.5349213083587,"initialJsSize":566923,"gzipInitialJsSize":170409,"buildColdBootTime":2360.8469713131585,"minifiedBundleSize":5429092,"gzippedBundleSize":1024533,"coldInstallTime":35436.30224096775,"hotInstallTime":470.2242339849472,"dependenciesCount":994,"installSize":302287522},"235fb26":{"time":1700727205000,"routeGenerateTime":68.27999031543732,"devColdBootTime":2134.09115533034,"initialJsSize":566923,"gzipInitialJsSize":170409,"buildColdBootTime":2371.385997335116,"minifiedBundleSize":5429092,"gzippedBundleSize":1024533,"coldInstallTime":37546.24520504475,"hotInstallTime":510.6292930841446,"dependenciesCount":971,"installSize":293411428},"2b8f4fe":{"time":1700815103000,"routeGenerateTime":70.83655834197998,"devColdBootTime":2184.9574073155723,"initialJsSize":566926,"gzipInitialJsSize":170410,"buildColdBootTime":2367.8282240231833,"minifiedBundleSize":5429095,"gzippedBundleSize":1024550,"coldInstallTime":45885.52020907402,"hotInstallTime":578.5743119716644,"dependenciesCount":971,"installSize":293418818},"3756fab":{"time":1701077955000,"routeGenerateTime":70.80295999844869,"devColdBootTime":2179.8243136405945,"initialJsSize":567057,"gzipInitialJsSize":170419,"buildColdBootTime":2355.2171609799066,"minifiedBundleSize":5429226,"gzippedBundleSize":1024484,"coldInstallTime":54564.97711789608,"hotInstallTime":462.77321100234985,"dependenciesCount":971,"installSize":293423573},"bfc0e80":{"time":1701168612000,"routeGenerateTime":76.68992070357005,"devColdBootTime":2157.676052014033,"initialJsSize":567030,"gzipInitialJsSize":170411,"buildColdBootTime":2446.526671012243,"minifiedBundleSize":5423099,"gzippedBundleSize":1023915,"coldInstallTime":40455.80540597439,"hotInstallTime":486.16981291770935,"dependenciesCount":971,"installSize":293411142},"59f1831":{"time":1701255464000,"routeGenerateTime":70.37605595588684,"devColdBootTime":2340.998016277949,"initialJsSize":567030,"gzipInitialJsSize":170411,"buildColdBootTime":2451.64909863472,"minifiedBundleSize":5423099,"gzippedBundleSize":1023915,"coldInstallTime":35337.01246213913,"hotInstallTime":458.9264569282532,"dependenciesCount":971,"installSize":293425845},"e4329b6":{"time":1701325265000,"routeGenerateTime":70.74811792373657,"devColdBootTime":2169.4740863641105,"initialJsSize":567030,"gzipInitialJsSize":170418,"buildColdBootTime":2449.4741640885672,"minifiedBundleSize":5423057,"gzippedBundleSize":1023971,"coldInstallTime":39966.08731794357,"hotInstallTime":465.3677909374237,"dependenciesCount":971,"installSize":245670243},"8e6ee63":{"time":1701689552000,"routeGenerateTime":73.13304233551025,"devColdBootTime":2158.3202843666077,"initialJsSize":568983,"gzipInitialJsSize":171091,"buildColdBootTime":2495.7480569680533,"minifiedBundleSize":5425010,"gzippedBundleSize":1024420,"coldInstallTime":68933.78520488739,"hotInstallTime":466.60055899620056,"dependenciesCount":970,"installSize":246075411},"21b2845":{"time":1701775619000,"routeGenerateTime":73.54968500137329,"devColdBootTime":2432.6994603474936,"initialJsSize":568983,"gzipInitialJsSize":171091,"buildColdBootTime":2417.8463246822357,"minifiedBundleSize":5424992,"gzippedBundleSize":1024441,"coldInstallTime":44110.00533103943,"hotInstallTime":557.6956601142883,"dependenciesCount":970,"installSize":246086276},"25b8bdc":{"time":1701848228000,"routeGenerateTime":71.9304473400116,"devColdBootTime":2179.8722944259644,"initialJsSize":569080,"gzipInitialJsSize":171130,"buildColdBootTime":2506.8076140085855,"minifiedBundleSize":5425089,"gzippedBundleSize":1024573,"coldInstallTime":43556.61557197571,"hotInstallTime":471.04555892944336,"dependenciesCount":970,"installSize":246082355},"8c1e29c":{"time":1701950138000,"routeGenerateTime":62.50530401865641,"devColdBootTime":2316.339924732844,"initialJsSize":573656,"gzipInitialJsSize":173126,"buildColdBootTime":2592.225643714269,"minifiedBundleSize":5432875,"gzippedBundleSize":1030063,"coldInstallTime":65360.005481004715,"hotInstallTime":461.7577350139618,"dependenciesCount":910,"installSize":237220032},"1bdb6c1":{"time":1702017941000,"routeGenerateTime":66.63786991437276,"devColdBootTime":2359.2654922803245,"initialJsSize":573656,"gzipInitialJsSize":173126,"buildColdBootTime":2822.1543639500937,"minifiedBundleSize":5432875,"gzippedBundleSize":1030063,"coldInstallTime":40456.486229896545,"hotInstallTime":456.34142994880676,"dependenciesCount":910,"installSize":237242203},"2fb628f":{"time":1702292164000,"routeGenerateTime":61.35162425041199,"devColdBootTime":2422.402054707209,"initialJsSize":573688,"gzipInitialJsSize":173131,"buildColdBootTime":2541.092302004496,"minifiedBundleSize":5434165,"gzippedBundleSize":1030382,"coldInstallTime":40769.06187295914,"hotInstallTime":458.1128890514374,"dependenciesCount":910,"installSize":237249884},"bfe47e8":{"time":1702363758000,"routeGenerateTime":58.851746241251625,"devColdBootTime":2272.814826965332,"initialJsSize":573688,"gzipInitialJsSize":173137,"minifiedBundleSize":5434123,"gzippedBundleSize":1030448,"coldInstallTime":53247.6832408905,"hotInstallTime":448.1109709739685,"dependenciesCount":910,"installSize":237250063},"50b84b7":{"time":1702482402000,"routeGenerateTime":58.144616762797035,"devColdBootTime":2166.349309762319,"initialJsSize":575175,"gzipInitialJsSize":173742,"minifiedBundleSize":5435866,"gzippedBundleSize":1031097,"coldInstallTime":53130.9474401474,"hotInstallTime":591.8436660766602,"dependenciesCount":910,"installSize":237252018},"15147fb":{"time":1702547590000,"routeGenerateTime":62.113071282704674,"devColdBootTime":2199.522808074951,"initialJsSize":575300,"gzipInitialJsSize":173797,"minifiedBundleSize":5435991,"gzippedBundleSize":1031095},"2b94aa1":{"time":1702635018000,