{"c663b04":{"time":1699939532000,"routeGenerateTime":220.4360633333466,"devColdBootTime":1396.2873203333293,"initialJsSize":465491,"gzipInitialJsSize":151276,"buildColdBootTime":2230.598700666674,"minifiedBundleSize":539255,"gzippedBundleSize":171560,"coldInstallTime":27766.10308000003,"hotInstallTime":528.9454909999622,"dependenciesCount":1058,"installSize":289710555},"e32247b":{"time":1700106948000,"routeGenerateTime":218.17250899473825,"devColdBootTime":843.3371220429739,"initialJsSize":465660,"gzipInitialJsSize":151311,"buildColdBootTime":923.0689566930135,"minifiedBundleSize":539504,"gzippedBundleSize":171603,"coldInstallTime":33847.27776992321,"hotInstallTime":486.8843859434128,"dependenciesCount":1058,"installSize":289711208},"0b2045f":{"time":1700205129000,"routeGenerateTime":80.34791900714238,"devColdBootTime":848.7810840109984,"initialJsSize":473180,"gzipInitialJsSize":153996,"buildColdBootTime":630.1258696615696,"minifiedBundleSize":534989,"gzippedBundleSize":169878,"coldInstallTime":60545.96926501393,"hotInstallTime":482.60675701498985,"dependenciesCount":1058,"installSize":289743201},"39fe6b5":{"time":1700380641000,"routeGenerateTime":81.14697064956029,"devColdBootTime":852.9024013380209,"initialJsSize":473180,"gzipInitialJsSize":153996,"buildColdBootTime":624.0384130080541,"minifiedBundleSize":534989,"gzippedBundleSize":169878,"coldInstallTime":51664.18977898359,"hotInstallTime":478.0180649757385,"dependenciesCount":1058,"installSize":289750390},"97eaaec":{"time":1700473852000,"routeGenerateTime":81.26788534720738,"devColdBootTime":835.128165324529,"initialJsSize":473218,"gzipInitialJsSize":154002,"buildColdBootTime":631.1249136924744,"minifiedBundleSize":535027,"gzippedBundleSize":169882,"coldInstallTime":64437.41053003073,"hotInstallTime":2009.8885030150414,"dependenciesCount":898,"installSize":275512535},"8f62669":{"time":1700545972000,"routeGenerateTime":80.08386900027593,"devColdBootTime":842.4093479911486,"initialJsSize":473385,"gzipInitialJsSize":154093,"buildColdBootTime":634.5257000128428,"minifiedBundleSize":535194,"gzippedBundleSize":169973,"coldInstallTime":82656.12319600582,"hotInstallTime":460.7259290218353,"dependenciesCount":898,"installSize":275509789},"8fa6fc5":{"time":1700652291000,"routeGenerateTime":69.44344766934712,"devColdBootTime":840.9922166665395,"initialJsSize":473262,"gzipInitialJsSize":154050,"buildColdBootTime":626.5322530269623,"minifiedBundleSize":535071,"gzippedBundleSize":169931,"coldInstallTime":43957.366137981415,"hotInstallTime":632.9399280548096,"dependenciesCount":898,"installSize":275524871},"235fb26":{"time":1700727205000,"routeGenerateTime":61.007394989331566,"devColdBootTime":828.7916676998138,"initialJsSize":473262,"gzipInitialJsSize":154050,"buildColdBootTime":615.8375159899393,"minifiedBundleSize":535071,"gzippedBundleSize":169931,"coldInstallTime":40642.09743797779,"hotInstallTime":446.738028049469,"dependenciesCount":875,"installSize":262623990},"2b8f4fe":{"time":1700815103000,"routeGenerateTime":61.55878400802612,"devColdBootTime":825.9584229787191,"initialJsSize":473265,"gzipInitialJsSize":154050,"buildColdBootTime":604.1413886547089,"minifiedBundleSize":535074,"gzippedBundleSize":169933,"coldInstallTime":45765.00993800163,"hotInstallTime":456.0953599214554,"dependenciesCount":875,"installSize":262671336}}
