{"c663b04":{"time":1699939532000,"routeGenerateTime":220.4360633333466,"devColdBootTime":1396.2873203333293,"initialJsSize":465491,"gzipInitialJsSize":151276,"buildColdBootTime":2230.598700666674,"minifiedBundleSize":539255,"gzippedBundleSize":171560,"coldInstallTime":27766.10308000003,"hotInstallTime":528.9454909999622,"dependenciesCount":1058,"installSize":289710555},"e32247b":{"time":1700106948000,"routeGenerateTime":218.17250899473825,"devColdBootTime":843.3371220429739,"initialJsSize":465660,"gzipInitialJsSize":151311,"buildColdBootTime":923.0689566930135,"minifiedBundleSize":539504,"gzippedBundleSize":171603,"coldInstallTime":33847.27776992321,"hotInstallTime":486.8843859434128,"dependenciesCount":1058,"installSize":289711208},"0b2045f":{"time":1700205129000,"routeGenerateTime":80.34791900714238,"devColdBootTime":848.7810840109984,"initialJsSize":473180,"gzipInitialJsSize":153996,"buildColdBootTime":630.1258696615696,"minifiedBundleSize":534989,"gzippedBundleSize":169878,"coldInstallTime":60545.96926501393,"hotInstallTime":482.60675701498985,"dependenciesCount":1058,"installSize":289743201},"39fe6b5":{"time":1700380641000,"routeGenerateTime":81.14697064956029,"devColdBootTime":852.9024013380209,"initialJsSize":473180,"gzipInitialJsSize":153996,"buildColdBootTime":624.0384130080541,"minifiedBundleSize":534989,"gzippedBundleSize":169878,"coldInstallTime":51664.18977898359,"hotInstallTime":478.0180649757385,"dependenciesCount":1058,"installSize":289750390}}
