{"c663b04":{"time":1699939532000,"routeGenerateTime":232.88011433333546,"devColdBootTime":2453.5144380000033,"buildColdBootTime":3742.546432333358,"initialJsSize":554964,"gzipInitialJsSize":166014,"minifiedBundleSize":6203526,"gzippedBundleSize":1324075,"coldInstallTime":32007.77214299998,"hotInstallTime":553.2394990000175,"dependenciesCount":1151,"installSize":323267649},"04d519b":{"time":1700041259000,"routeGenerateTime":225.0644233226776,"devColdBootTime":1511.7617113192875,"initialJsSize":554945,"gzipInitialJsSize":166002,"buildColdBootTime":1734.8724976380665,"minifiedBundleSize":6203507,"gzippedBundleSize":1324096,"coldInstallTime":51271.45466899872,"hotInstallTime":510.4564859867096,"dependenciesCount":1151,"installSize":323276389}}
