{"287d7ab":{"time":1745475055000,"beforeDevTime":661.9514366666666,"routeGenerateTime":8.514689999999973,"devColdBootTime":1746.4246216666663,"initialJsSize":522788,"gzipInitialJsSize":161066,"buildColdBootTime":1405.0835406666665,"beforeBuildTime":654.8857323333333,"minifiedBundleSize":1335213,"gzippedBundleSize":384800,"coldInstallTime":50752.42540499999,"hotInstallTime":269.92076599999564,"dependenciesCount":507,"installSize":208950485},"3f473c0":{"time":1745486526000,"beforeDevTime":650.8811103333333,"routeGenerateTime":8.481381000000018,"devColdBootTime":1726.1658233333335,"initialJsSize":522788,"gzipInitialJsSize":161066,"buildColdBootTime":1432.1649506666665,"beforeBuildTime":643.9064549999999,"minifiedBundleSize":1335213,"gzippedBundleSize":384800,"coldInstallTime":41689.18780999999,"hotInstallTime":269.1356679999881,"dependenciesCount":507,"installSize":208963006},"7e6cb65":{"time":1745740695000,"beforeDevTime":643.8360956666667,"routeGenerateTime":8.607251333333314,"devColdBootTime":1773.7343693333335,"initialJsSize":522788,"gzipInitialJsSize":161066,"buildColdBootTime":1390.0874793333332,"beforeBuildTime":636.4609063333334,"minifiedBundleSize":1335213,"gzippedBundleSize":384800,"coldInstallTime":37654.58936500001,"hotInstallTime":280.64019999999437,"dependenciesCount":507,"installSize":208967102},"415cefc":{"time":1745812695000,"beforeDevTime":650.0993523333333,"routeGenerateTime":8.476390666666703,"devColdBootTime":1710.0357026666668,"initialJsSize":522788,"gzipInitialJsSize":161070,"buildColdBootTime":1401.207902666667,"beforeBuildTime":644.0032076666666,"minifiedBundleSize":1335213,"gzippedBundleSize":384809,"coldInstallTime":40570.913397,"hotInstallTime":274.5326430000132,"dependenciesCount":507,"installSize":208963006},"9b77081":{"time":1745934852000,"beforeDevTime":653.7395523333333,"routeGenerateTime":8.514281333333352,"devColdBootTime":1525.121241,"initialJsSize":522785,"gzipInitialJsSize":160971,"buildColdBootTime":1222.1138633333333,"beforeBuildTime":654.7230519999999,"minifiedBundleSize":1343957,"gzippedBundleSize":386222,"coldInstallTime":49457.638471,"hotInstallTime":274.49343000000226,"dependenciesCount":507,"installSize":208963006},"2e373eb":{"time":1746012547000,"beforeDevTime":661.2642606666667,"routeGenerateTime":8.53987566666664,"devColdBootTime":1580.0479696666669,"initialJsSize":524219,"gzipInitialJsSize":161376,"buildColdBootTime":1214.918066,"beforeBuildTime":644.3059466666667,"minifiedBundleSize":1345391,"gzippedBundleSize":386627,"coldInstallTime":41166.06638300001,"hotInstallTime":269.8495120000007,"dependenciesCount":506,"installSize":209556365},"b907b4b":{"time":1746530923000,"beforeDevTime":644.442673,"routeGenerateTime":8.491777666666659,"devColdBootTime":1558.7165613333334,"initialJsSize":525575,"gzipInitialJsSize":162419,"buildColdBootTime":1249.6247886666667,"beforeBuildTime":655.2397076666666,"minifiedBundleSize":1346747,"gzippedBundleSize":387690,"coldInstallTime":40395.070267999996,"hotInstallTime":272.78041099999973,"dependenciesCount":506,"installSize":209585924},"a75ca43":{"time":1746616997000,"beforeDevTime":653.730764,"routeGenerateTime":8.587053000000006,"devColdBootTime":501.022938,"initialJsSize":525697,"gzipInitialJsSize":162472,"buildColdBootTime":1241.575811,"beforeBuildTime":651.3595576666667,"minifiedBundleSize":1346869,"gzippedBundleSize":387744,"coldInstallTime":49817.72910499999,"hotInstallTime":270.0641990000004,"dependenciesCount":503,"installSize":210151134},"8c9afd1":{"time":1746720039000,"beforeDevTime":671.6238313333333,"routeGenerateTime":8.545192666666708,"devColdBootTime":487.62127766666663,"initialJsSize":455047,"gzipInitialJsSize":138970,"buildColdBootTime":3415.068402666667,"beforeBuildTime":659.327078,"minifiedBundleSize":2503454,"gzippedBundleSize":394356,"coldInstallTime":48045.36005300001,"hotInstallTime":269.4108290000004,"dependenciesCount":524,"installSize":223273190},"9a84258":{"time":1746779339000,"beforeDevTime":657.5772893333333,"routeGenerateTime":8.50689600000002,"devColdBootTime":490.44355866666666,"initialJsSize":455048,"gzipInitialJsSize":138971,"buildColdBootTime":3429.963310333333,"beforeBuildTime":658.986732,"minifiedBundleSize":2503457,"gzippedBundleSize":394357,"coldInstallTime":50094.267421,"hotInstallTime":267.7419640000153,"dependenciesCount":524,"installSize":223328751}}
