{"287d7ab":{"time":1745475055000,"beforeDevTime":661.9514366666666,"routeGenerateTime":8.514689999999973,"devColdBootTime":1746.4246216666663,"initialJsSize":522788,"gzipInitialJsSize":161066,"buildColdBootTime":1405.0835406666665,"beforeBuildTime":654.8857323333333,"minifiedBundleSize":1335213,"gzippedBundleSize":384800,"coldInstallTime":50752.42540499999,"hotInstallTime":269.92076599999564,"dependenciesCount":507,"installSize":208950485},"3f473c0":{"time":1745486526000,"beforeDevTime":650.8811103333333,"routeGenerateTime":8.481381000000018,"devColdBootTime":1726.1658233333335,"initialJsSize":522788,"gzipInitialJsSize":161066,"buildColdBootTime":1432.1649506666665,"beforeBuildTime":643.9064549999999,"minifiedBundleSize":1335213,"gzippedBundleSize":384800,"coldInstallTime":41689.18780999999,"hotInstallTime":269.1356679999881,"dependenciesCount":507,"installSize":208963006},"7e6cb65":{"time":1745740695000,"beforeDevTime":643.8360956666667,"routeGenerateTime":8.607251333333314,"devColdBootTime":1773.7343693333335,"initialJsSize":522788,"gzipInitialJsSize":161066,"buildColdBootTime":1390.0874793333332,"beforeBuildTime":636.4609063333334,"minifiedBundleSize":1335213,"gzippedBundleSize":384800,"coldInstallTime":37654.58936500001,"hotInstallTime":280.64019999999437,"dependenciesCount":507,"installSize":208967102},"415cefc":{"time":1745812695000,"beforeDevTime":650.0993523333333,"routeGenerateTime":8.476390666666703,"devColdBootTime":1710.0357026666668,"initialJsSize":522788,"gzipInitialJsSize":161070,"buildColdBootTime":1401.207902666667,"beforeBuildTime":644.0032076666666,"minifiedBundleSize":1335213,"gzippedBundleSize":384809,"coldInstallTime":40570.913397,"hotInstallTime":274.5326430000132,"dependenciesCount":507,"installSize":208963006},"9b77081":{"time":1745934852000,"beforeDevTime":653.7395523333333,"routeGenerateTime":8.514281333333352,"devColdBootTime":1525.121241,"initialJsSize":522785,"gzipInitialJsSize":160971,"buildColdBootTime":1222.1138633333333,"beforeBuildTime":654.7230519999999,"minifiedBundleSize":1343957,"gzippedBundleSize":386222,"coldInstallTime":49457.638471,"hotInstallTime":274.49343000000226,"dependenciesCount":507,"installSize":208963006},"2e373eb":{"time":1746012547000,"beforeDevTime":661.2642606666667,"routeGenerateTime":8.53987566666664,"devColdBootTime":1580.0479696666669,"initialJsSize":524219,"gzipInitialJsSize":161376,"buildColdBootTime":1214.918066,"beforeBuildTime":644.3059466666667,"minifiedBundleSize":1345391,"gzippedBundleSize":386627,"coldInstallTime":41166.06638300001,"hotInstallTime":269.8495120000007,"dependenciesCount":506,"installSize":209556365},"b907b4b":{"time":1746530923000,"beforeDevTime":644.442673,"routeGenerateTime":8.491777666666659,"devColdBootTime":1558.7165613333334,"initialJsSize":525575,"gzipInitialJsSize":162419,"buildColdBootTime":1249.6247886666667,"beforeBuildTime":655.2397076666666,"minifiedBundleSize":1346747,"gzippedBundleSize":387690,"coldInstallTime":40395.070267999996,"hotInstallTime":272.78041099999973,"dependenciesCount":506,"installSize":209585924}}
