{"c663b04":{"time":1699939532000,"routeGenerateTime":220.4360633333466,"devColdBootTime":1396.2873203333293,"initialJsSize":465491,"gzipInitialJsSize":151276,"buildColdBootTime":2230.598700666674,"minifiedBundleSize":539255,"gzippedBundleSize":171560,"coldInstallTime":27766.10308000003,"hotInstallTime":528.9454909999622,"dependenciesCount":1058,"installSize":289710555}}
