{"c663b04":{"time":1699939532000,"routeGenerateTime":232.88011433333546,"devColdBootTime":2453.5144380000033,"buildColdBootTime":3742.546432333358,"initialJsSize":554964,"gzipInitialJsSize":166014,"minifiedBundleSize":6203526,"gzippedBundleSize":1324075,"coldInstallTime":32007.77214299998,"hotInstallTime":553.2394990000175,"dependenciesCount":1151,"installSize":323267649},"04d519b":{"time":1700041259000,"routeGenerateTime":225.0644233226776,"devColdBootTime":1511.7617113192875,"initialJsSize":554945,"gzipInitialJsSize":166002,"buildColdBootTime":1734.8724976380665,"minifiedBundleSize":6203507,"gzippedBundleSize":1324096,"coldInstallTime":51271.45466899872,"hotInstallTime":510.4564859867096,"dependenciesCount":1151,"installSize":323276389},"0b2045f":{"time":1700205129000,"routeGenerateTime":90.15662866830826,"devColdBootTime":1535.486091333131,"initialJsSize":566763,"gzipInitialJsSize":170320,"buildColdBootTime":1326.4781810020406,"minifiedBundleSize":5461557,"gzippedBundleSize":1024691,"coldInstallTime":55833.09868500382,"hotInstallTime":511.93909399956465,"dependenciesCount":1151,"installSize":323311216},"39fe6b5":{"time":1700380641000,"routeGenerateTime":88.18080499768257,"devColdBootTime":1557.4856626689434,"initialJsSize":566763,"gzipInitialJsSize":170320,"buildColdBootTime":1345.8074046572049,"minifiedBundleSize":5461557,"gzippedBundleSize":1024691,"coldInstallTime":48339.062228024006,"hotInstallTime":483.47135001420975,"dependenciesCount":1150,"installSize":323164093},"97eaaec":{"time":1700473852000,"routeGenerateTime":86.8118776679039,"devColdBootTime":1571.0329833428066,"initialJsSize":566801,"gzipInitialJsSize":170327,"buildColdBootTime":1348.1277006467183,"minifiedBundleSize":5461595,"gzippedBundleSize":1024752,"coldInstallTime":54760.31769800186,"hotInstallTime":472.7504869699478,"dependenciesCount":994,"installSize":302266349},"8f62669":{"time":1700545972000,"routeGenerateTime":89.5545163154602,"devColdBootTime":1581.4400176803272,"initialJsSize":566968,"gzipInitialJsSize":170420,"buildColdBootTime":1311.7163090109825,"minifiedBundleSize":5425380,"gzippedBundleSize":1024180,"coldInstallTime":54146.9779330492,"hotInstallTime":502.7828869819641,"dependenciesCount":994,"installSize":302270751},"8fa6fc5":{"time":1700652291000,"routeGenerateTime":74.53262732426326,"devColdBootTime":1589.2272913257282,"initialJsSize":566839,"gzipInitialJsSize":170373,"buildColdBootTime":1317.193977336089,"minifiedBundleSize":5425103,"gzippedBundleSize":1024075,"coldInstallTime":45620.75705999136,"hotInstallTime":483.75779497623444,"dependenciesCount":994,"installSize":302283426},"235fb26":{"time":1700727205000,"routeGenerateTime":71.538121342659,"devColdBootTime":1577.698786020279,"initialJsSize":566839,"gzipInitialJsSize":170373,"buildColdBootTime":1304.3545236587524,"minifiedBundleSize":5425103,"gzippedBundleSize":1024075,"coldInstallTime":50284.16534602642,"hotInstallTime":553.7729179859161,"dependenciesCount":971,"installSize":293411428},"2b8f4fe":{"time":1700815103000,"routeGenerateTime":71.4199253320694,"devColdBootTime":1559.2069076697032,"initialJsSize":566842,"gzipInitialJsSize":170374,"buildColdBootTime":1257.9264530738194,"minifiedBundleSize":5425106,"gzippedBundleSize":1024076,"coldInstallTime":45479.59628593922,"hotInstallTime":466.0221940279007,"dependenciesCount":971,"installSize":293422914},"3756fab":{"time":1701077955000,"routeGenerateTime":69.42217361927032,"devColdBootTime":1590.8951859871547,"initialJsSize":566973,"gzipInitialJsSize":170385,"buildColdBootTime":1314.9849456151326,"minifiedBundleSize":5425237,"gzippedBundleSize":1024127,"coldInstallTime":45282.48195397854,"hotInstallTime":496.8870669603348,"dependenciesCount":971,"installSize":293415381}}
