{"c663b04":{"time":1699939532000,"routeGenerateTime":236.98068133334164,"devColdBootTime":3223.3935966666613,"initialJsSize":555036,"gzipInitialJsSize":166049,"buildColdBootTime":5799.713151999963,"minifiedBundleSize":6209279,"gzippedBundleSize":1324069,"coldInstallTime":31109.179096999986,"hotInstallTime":547.6145499999984,"dependenciesCount":1151,"installSize":323271745}}
