{"fbb8d67":{"time":1724049018000,"beforeBuildTime":779.1475741068522,"buildEsmJsTime":44.765296936035156,"esmBundleSize":990,"esmGzipBundleSize":400,"buildEsmTotalTime":2770.9785550435386,"buildCjsJsTime":41.0799986521403,"cjsBundleSize":2519,"cjsGzipBundleSize":881,"buildCjsTotalTime":2772.397694269816,"coldInstallTime":17184.114490509033,"hotInstallTime":259.9495048522949,"dependenciesCount":126,"installSize":112405110},"6697de6":{"time":1724070741000,"beforeBuildTime":759.8804798126221,"buildEsmJsTime":37.063039779663086,"esmBundleSize":990,"esmGzipBundleSize":400,"buildEsmTotalTime":2807.0691006978354,"buildCjsJsTime":48.990233739217125,"cjsBundleSize":2519,"cjsGzipBundleSize":881,"buildCjsTotalTime":2808.6750481923423,"coldInstallTime":13665.013927459717,"hotInstallTime":259.62657737731934,"dependenciesCount":126,"installSize":112401014},"4e20196":{"time":1724144312000,"beforeBuildTime":769.2835928599039,"buildEsmJsTime":37.896396001180015,"esmBundleSize":990,"esmGzipBundleSize":400,"buildEsmTotalTime":2754.3665033976235,"buildCjsJsTime":50.912305196126304,"cjsBundleSize":2519,"cjsGzipBundleSize":881,"buildCjsTotalTime":2755.867820739746,"coldInstallTime":14165.67850112915,"hotInstallTime":265.21332931518555,"dependenciesCount":126,"installSize":112401014},"e9d2133":{"time":1724233767000,"beforeBuildTime":759.2789891560873,"buildEsmJsTime":37.640387217203774,"esmBundleSize":990,"esmGzipBundleSize":400,"buildEsmTotalTime":2772.7382996877036,"buildCjsJsTime":50.58456484476725,"cjsBundleSize":2519,"cjsGzipBundleSize":881,"buildCjsTotalTime":2774.2391637166343,"coldInstallTime":16254.607475280762,"hotInstallTime":263.9392681121826,"dependenciesCount":126,"installSize":112418694},"3da07cf":{"time":1724677123000,"beforeBuildTime":772.9215024312338,"buildEsmJsTime":42.499716440836586,"esmBundleSize":990,"esmGzipBundleSize":400,"buildEsmTotalTime":2771.29851659139,"buildCjsJsTime":44.838998794555664,"cjsBundleSize":2519,"cjsGzipBundleSize":881,"buildCjsTotalTime":2772.684097925822,"coldInstallTime":17574.4113445282,"hotInstallTime":255.73447036743164,"dependenciesCount":126,"installSize":111298616},"c3bfa02":{"time":1724750573000,"beforeBuildTime":777.0448633829752,"buildEsmJsTime":40.36811510721842,"esmBundleSize":964,"esmGzipBundleSize":392,"buildEsmTotalTime":2775.818993250529,"buildCjsJsTime":52.547828674316406,"cjsBundleSize":2569,"cjsGzipBundleSize":858,"buildCjsTotalTime":2777.1495978037515,"coldInstallTime":17155.224264144897,"hotInstallTime":258.6359176635742,"dependenciesCount":126,"installSize":111298616},"4b5f674":{"time":1724856752000,"beforeBuildTime":763.7272504170736,"buildEsmJsTime":43.53263600667318,"esmBundleSize":964,"esmGzipBundleSize":392,"buildEsmTotalTime":2744.9351552327475,"buildCjsJsTime":46.722822189331055,"cjsBundleSize":2569,"cjsGzipBundleSize":858,"buildCjsTotalTime":2746.491283416748,"coldInstallTime":16929.518838882446,"hotInstallTime":255.9068431854248,"dependenciesCount":126,"installSize":111356996},"5eed250":{"time":1725007290000,"beforeBuildTime":766.7985286712646,"buildEsmJsTime":45.75049845377604,"esmBundleSize":846,"esmGzipBundleSize":344,"buildEsmTotalTime":2770.3365408579507,"buildCjsJsTime":48.32129796346029,"cjsBundleSize":2451,"cjsGzipBundleSize":811,"buildCjsTotalTime":2771.7385578155518,"coldInstallTime":16933.57929801941,"hotInstallTime":258.61359786987305,"dependenciesCount":126,"installSize":102201744},"1556f05":{"time":1725276021000,"beforeBuildTime":771.6567548116049,"buildEsmJsTime":38.11029179890951,"esmBundleSize":846,"esmGzipBundleSize":344,"buildEsmTotalTime":2772.7068087259927,"buildCjsJsTime":53.90757751464844,"cjsBundleSize":2451,"cjsGzipBundleSize":811,"buildCjsTotalTime":2774.2062651316323,"coldInstallTime":13555.803869247437,"hotInstallTime":256.95140647888184,"dependenciesCount":126,"installSize":102206002},"ccd5299":{"time":1725452234000,"beforeBuildTime":774.7617511749268,"buildEsmJsTime":40.19767506917318,"esmBundleSize":846,"esmGzipBundleSize":344,"buildEsmTotalTime":2757.5251700083413,"buildCjsJsTime":53.64583524068197,"cjsBundleSize":2451,"cjsGzipBundleSize":811,"buildCjsTotalTime":2758.908871332804,"coldInstallTime":15570.824995040894,"hotInstallTime":256.47007179260254,"dependenciesCount":126,"installSize":102214442},"66a9e08":{"time":1725531376000,"beforeBuildTime":769.3648166656494,"buildEsmJsTime":37.438743591308594,"esmBundleSize":846,"esmGzipBundleSize":344,"buildEsmTotalTime":2795.2984733581543,"buildCjsJsTime":51.809438705444336,"cjsBundleSize":2451,"cjsGzipBundleSize":811,"buildCjsTotalTime":2796.8147627512612,"coldInstallTime":14172.49405670166,"hotInstallTime":256.17986488342285,"dependenciesCount":129,"installSize":103208261},"a7316f9":{"time":1725875947000,"beforeBuildTime":778.6987730662028,"buildEsmJsTime":37.42367172241211,"esmBundleSize":846,"esmGzipBundleSize":344,"buildEsmTotalTime":2783.8097178141275,"buildCjsJsTime":53.4381472269694,"cjsBundleSize":2451,"cjsGzipBundleSize":811,"buildCjsTotalTime":2785.122601826986,"coldInstallTime":15519.334999084473,"hotInstallTime":260.20569038391113,"dependenciesCount":129,"installSize":103776465},"63bb9ed":{"time":1725962818000,"beforeBuildTime":779.2586688995361,"buildEsmJsTime":44.99761517842611,"esmBundleSize":846,"esmGzipBundleSize":344,"buildEsmTotalTime":2792.542704900106,"buildCjsJsTime":41.97129758199056,"cjsBundleSize":2451,"cjsGzipBundleSize":811,"buildCjsTotalTime":2794.4092445373535,"coldInstallTime":18338.72557067871,"hotInstallTime":261.70018005371094,"dependenciesCount":133,"installSize":103881838},"479d84c":{"time":1726225468000,"beforeBuildTime":770.7338625590006,"buildEsmJsTime":40.511706034342446,"esmBundleSize":846,"esmGzipBundleSize":344,"buildEsmTotalTime":1306.334436416626,"buildCjsJsTime":46.56541442871094,"cjsBundleSize":2451,"cjsGzipBundleSize":811,"buildCjsTotalTime":1307.7588958740234,"coldInstallTime":16428.61196899414,"hotInstallTime":258.9107131958008,"dependenciesCount":130,"installSize":103605695}}
