{"fbb8d67":{"time":1724049018000,"beforeBuildTime":781.2662563323975,"buildEsmJsTime":42.72327168782552,"esmBundleSize":1762,"esmGzipBundleSize":526,"buildEsmTotalTime":3479.2176310221353,"buildCjsJsTime":46.970240910847984,"cjsBundleSize":3062,"cjsGzipBundleSize":939,"buildCjsTotalTime":3480.593275705973,"coldInstallTime":13231.109985351562,"hotInstallTime":242.7159938812256,"dependenciesCount":57,"installSize":88164720},"6697de6":{"time":1724070741000,"beforeBuildTime":783.1610997517904,"buildEsmJsTime":38.284658432006836,"esmBundleSize":1762,"esmGzipBundleSize":526,"buildEsmTotalTime":3490.18310546875,"buildCjsJsTime":49.05502955118815,"cjsBundleSize":3062,"cjsGzipBundleSize":939,"buildCjsTotalTime":3491.621321996053,"coldInstallTime":12432.957778930664,"hotInstallTime":245.30403327941895,"dependenciesCount":57,"installSize":88164720},"4e20196":{"time":1724144312000,"beforeBuildTime":781.8700408935547,"buildEsmJsTime":36.00589942932129,"esmBundleSize":1762,"esmGzipBundleSize":526,"buildEsmTotalTime":3496.4316221872964,"buildCjsJsTime":47.75563303629557,"cjsBundleSize":3062,"cjsGzipBundleSize":939,"buildCjsTotalTime":3497.9274419148765,"coldInstallTime":17066.924045562744,"hotInstallTime":244.80743598937988,"dependenciesCount":57,"installSize":88164720},"e9d2133":{"time":1724233767000,"beforeBuildTime":781.9069054921468,"buildEsmJsTime":37.17735989888509,"esmBundleSize":1762,"esmGzipBundleSize":526,"buildEsmTotalTime":3506.721508026123,"buildCjsJsTime":51.59396998087565,"cjsBundleSize":3062,"cjsGzipBundleSize":939,"buildCjsTotalTime":3508.2029654184976,"coldInstallTime":15869.135196685791,"hotInstallTime":243.948974609375,"dependenciesCount":57,"installSize":88166491},"3da07cf":{"time":1724677123000,"beforeBuildTime":775.1416371663412,"buildEsmJsTime":38.50069936116537,"esmBundleSize":1762,"esmGzipBundleSize":526,"buildEsmTotalTime":3495.3292185465493,"buildCjsJsTime":53.837812423706055,"cjsBundleSize":3062,"cjsGzipBundleSize":939,"buildCjsTotalTime":3496.7994645436606,"coldInstallTime":13580.583894729614,"hotInstallTime":243.93041038513184,"dependenciesCount":57,"installSize":87046413},"c3bfa02":{"time":1724750573000,"beforeBuildTime":783.2292340596517,"buildEsmJsTime":38.89336077372233,"esmBundleSize":1617,"esmGzipBundleSize":499,"buildEsmTotalTime":3489.3838068644204,"buildCjsJsTime":51.308648427327476,"cjsBundleSize":2999,"cjsGzipBundleSize":897,"buildCjsTotalTime":3490.793565750122,"coldInstallTime":12406.135580062866,"hotInstallTime":242.20574378967285,"dependenciesCount":57,"installSize":87050509},"4b5f674":{"time":1724856752000,"beforeBuildTime":783.6434574127197,"buildEsmJsTime":38.312225341796875,"esmBundleSize":1617,"esmGzipBundleSize":499,"buildEsmTotalTime":3467.1505953470864,"buildCjsJsTime":50.16997083028158,"cjsBundleSize":2999,"cjsGzipBundleSize":897,"buildCjsTotalTime":3468.5220095316567,"coldInstallTime":12858.369318008423,"hotInstallTime":242.66973114013672,"dependenciesCount":57,"installSize":87046413}}
