{"fbb8d67":{"time":1724049018000,"beforeBuildTime":781.2662563323975,"buildEsmJsTime":42.72327168782552,"esmBundleSize":1762,"esmGzipBundleSize":526,"buildEsmTotalTime":3479.2176310221353,"buildCjsJsTime":46.970240910847984,"cjsBundleSize":3062,"cjsGzipBundleSize":939,"buildCjsTotalTime":3480.593275705973,"coldInstallTime":13231.109985351562,"hotInstallTime":242.7159938812256,"dependenciesCount":57,"installSize":88164720},"6697de6":{"time":1724070741000,"beforeBuildTime":783.1610997517904,"buildEsmJsTime":38.284658432006836,"esmBundleSize":1762,"esmGzipBundleSize":526,"buildEsmTotalTime":3490.18310546875,"buildCjsJsTime":49.05502955118815,"cjsBundleSize":3062,"cjsGzipBundleSize":939,"buildCjsTotalTime":3491.621321996053,"coldInstallTime":12432.957778930664,"hotInstallTime":245.30403327941895,"dependenciesCount":57,"installSize":88164720},"4e20196":{"time":1724144312000,"beforeBuildTime":781.8700408935547,"buildEsmJsTime":36.00589942932129,"esmBundleSize":1762,"esmGzipBundleSize":526,"buildEsmTotalTime":3496.4316221872964,"buildCjsJsTime":47.75563303629557,"cjsBundleSize":3062,"cjsGzipBundleSize":939,"buildCjsTotalTime":3497.9274419148765,"coldInstallTime":17066.924045562744,"hotInstallTime":244.80743598937988,"dependenciesCount":57,"installSize":88164720},"e9d2133":{"time":1724233767000,"beforeBuildTime":778.9849548339844,"buildEsmJsTime":36.75167020161947,"esmBundleSize":1762,"esmGzipBundleSize":526,"buildEsmTotalTime":3470.7420336405435,"buildCjsJsTime":49.437710444132485,"cjsBundleSize":3062,"cjsGzipBundleSize":939,"buildCjsTotalTime":3472.19162495931,"coldInstallTime":15701.447612762451,"hotInstallTime":245.16143798828125,"dependenciesCount":57,"installSize":88164896}}
