{"fbb8d67":{"time":1724049018000,"beforeBuildTime":781.2662563323975,"buildEsmJsTime":42.72327168782552,"esmBundleSize":1762,"esmGzipBundleSize":526,"buildEsmTotalTime":3479.2176310221353,"buildCjsJsTime":46.970240910847984,"cjsBundleSize":3062,"cjsGzipBundleSize":939,"buildCjsTotalTime":3480.593275705973,"coldInstallTime":13231.109985351562,"hotInstallTime":242.7159938812256,"dependenciesCount":57,"installSize":88164720},"6697de6":{"time":1724070741000,"beforeBuildTime":783.1610997517904,"buildEsmJsTime":38.284658432006836,"esmBundleSize":1762,"esmGzipBundleSize":526,"buildEsmTotalTime":3490.18310546875,"buildCjsJsTime":49.05502955118815,"cjsBundleSize":3062,"cjsGzipBundleSize":939,"buildCjsTotalTime":3491.621321996053,"coldInstallTime":12432.957778930664,"hotInstallTime":245.30403327941895,"dependenciesCount":57,"installSize":88164720},"4e20196":{"time":1724144312000,"beforeBuildTime":781.8700408935547,"buildEsmJsTime":36.00589942932129,"esmBundleSize":1762,"esmGzipBundleSize":526,"buildEsmTotalTime":3496.4316221872964,"buildCjsJsTime":47.75563303629557,"cjsBundleSize":3062,"cjsGzipBundleSize":939,"buildCjsTotalTime":3497.9274419148765,"coldInstallTime":17066.924045562744,"hotInstallTime":244.80743598937988,"dependenciesCount":57,"installSize":88164720},"e9d2133":{"time":1724233767000,"beforeBuildTime":781.9069054921468,"buildEsmJsTime":37.17735989888509,"esmBundleSize":1762,"esmGzipBundleSize":526,"buildEsmTotalTime":3506.721508026123,"buildCjsJsTime":51.59396998087565,"cjsBundleSize":3062,"cjsGzipBundleSize":939,"buildCjsTotalTime":3508.2029654184976,"coldInstallTime":15869.135196685791,"hotInstallTime":243.948974609375,"dependenciesCount":57,"installSize":88166491},"3da07cf":{"time":1724677123000,"beforeBuildTime":775.1416371663412,"buildEsmJsTime":38.50069936116537,"esmBundleSize":1762,"esmGzipBundleSize":526,"buildEsmTotalTime":3495.3292185465493,"buildCjsJsTime":53.837812423706055,"cjsBundleSize":3062,"cjsGzipBundleSize":939,"buildCjsTotalTime":3496.7994645436606,"coldInstallTime":13580.583894729614,"hotInstallTime":243.93041038513184,"dependenciesCount":57,"installSize":87046413},"c3bfa02":{"time":1724750573000,"beforeBuildTime":783.2292340596517,"buildEsmJsTime":38.89336077372233,"esmBundleSize":1617,"esmGzipBundleSize":499,"buildEsmTotalTime":3489.3838068644204,"buildCjsJsTime":51.308648427327476,"cjsBundleSize":2999,"cjsGzipBundleSize":897,"buildCjsTotalTime":3490.793565750122,"coldInstallTime":12406.135580062866,"hotInstallTime":242.20574378967285,"dependenciesCount":57,"installSize":87050509},"4b5f674":{"time":1724856752000,"beforeBuildTime":783.6434574127197,"buildEsmJsTime":38.312225341796875,"esmBundleSize":1617,"esmGzipBundleSize":499,"buildEsmTotalTime":3467.1505953470864,"buildCjsJsTime":50.16997083028158,"cjsBundleSize":2999,"cjsGzipBundleSize":897,"buildCjsTotalTime":3468.5220095316567,"coldInstallTime":12858.369318008423,"hotInstallTime":242.66973114013672,"dependenciesCount":57,"installSize":87046413},"5eed250":{"time":1725007290000,"beforeBuildTime":786.57071240743,"buildEsmJsTime":38.649881998697914,"esmBundleSize":1523,"esmGzipBundleSize":474,"buildEsmTotalTime":3485.330728530884,"buildCjsJsTime":52.600816090901695,"cjsBundleSize":2905,"cjsGzipBundleSize":866,"buildCjsTotalTime":3486.8894017537436,"coldInstallTime":14054.798616409302,"hotInstallTime":243.49223518371582,"dependenciesCount":57,"installSize":77873079},"1556f05":{"time":1725276021000,"beforeBuildTime":778.7578582763672,"buildEsmJsTime":38.37822024027506,"esmBundleSize":1523,"esmGzipBundleSize":474,"buildEsmTotalTime":3521.609919230143,"buildCjsJsTime":49.71050008138021,"cjsBundleSize":2905,"cjsGzipBundleSize":866,"buildCjsTotalTime":3523.1230589548745,"coldInstallTime":14402.606227874756,"hotInstallTime":244.5306739807129,"dependenciesCount":57,"installSize":77877337},"ccd5299":{"time":1725452234000,"beforeBuildTime":786.5581385294596,"buildEsmJsTime":38.01429812113444,"esmBundleSize":1523,"esmGzipBundleSize":474,"buildEsmTotalTime":3506.5985940297446,"buildCjsJsTime":51.93784777323405,"cjsBundleSize":2905,"cjsGzipBundleSize":866,"buildCjsTotalTime":3508.1025466918945,"coldInstallTime":14519.672346115112,"hotInstallTime":241.39308166503906,"dependenciesCount":57,"installSize":77877337},"66a9e08":{"time":1725531376000,"beforeBuildTime":784.7348213195801,"buildEsmJsTime":38.81591796875,"esmBundleSize":1523,"esmGzipBundleSize":474,"buildEsmTotalTime":3504.653444925944,"buildCjsJsTime":52.145721435546875,"cjsBundleSize":2905,"cjsGzipBundleSize":866,"buildCjsTotalTime":3506.201414744059,"coldInstallTime":14702.930952072144,"hotInstallTime":243.01839637756348,"dependenciesCount":60,"installSize":78879596},"a7316f9":{"time":1725875947000,"beforeBuildTime":783.8432153066,"buildEsmJsTime":38.732557932535805,"esmBundleSize":1523,"esmGzipBundleSize":474,"buildEsmTotalTime":3523.3848037719727,"buildCjsJsTime":49.63472811381022,"cjsBundleSize":2905,"cjsGzipBundleSize":866,"buildCjsTotalTime":3524.870527267456,"coldInstallTime":13065.205177307129,"hotInstallTime":242.1390495300293,"dependenciesCount":60,"installSize":78879602},"63bb9ed":{"time":1725962818000,"beforeBuildTime":785.9083544413248,"buildEsmJsTime":38.19329007466634,"esmBundleSize":1523,"esmGzipBundleSize":474,"buildEsmTotalTime":3506.8781356811523,"buildCjsJsTime":50.957113901774086,"cjsBundleSize":2905,"cjsGzipBundleSize":866,"buildCjsTotalTime":3508.255055745443,"coldInstallTime":10982.056354522705,"hotInstallTime":243.02029991149902,"dependenciesCount":60,"installSize":78613082},"479d84c":{"time":1726225468000,"beforeBuildTime":783.5246779123942,"buildEsmJsTime":46.23347536722819,"esmBundleSize":1527,"esmGzipBundleSize":472,"buildEsmTotalTime":1457.7556260426838,"buildCjsJsTime":41.71780268351237,"cjsBundleSize":2909,"cjsGzipBundleSize":864,"buildCjsTotalTime":1459.0723476409912,"coldInstallTime":15397.032144546509,"hotInstallTime":244.69488334655762,"dependenciesCount":60,"installSize":78664956}}
